tDate,Country,VariantOfConcern,total_sequences,cluster_sequences,unsmoothed_cluster_sequences,unsmoothed_total_sequences
2022-09-26,Australia,20A.EU1,375,0,0,0
2022-09-26,Australia,20A.EU2,375,0,0,0
2022-09-26,Australia,20B.S.732A,375,0,0,0
2022-09-26,Australia,20H.Beta.V2,375,0,0,0
2022-09-26,Australia,20I.Alpha.V1,375,0,0,0
2022-09-26,Australia,20J.Gamma.V3,375,0,0,0
2022-09-26,Australia,21A.Delta,375,0,0,0
2022-09-26,Australia,21A.Delta.S.K417,375,317,0,0
2022-09-26,Australia,21B.Kappa,375,0,0,0
2022-09-26,Australia,21C.Epsilon,375,0,0,0
2022-09-26,Australia,21D.Eta,375,0,0,0
2022-09-26,Australia,21F.Iota,375,0,0,0
2022-09-26,Australia,21G.Lambda,375,0,0,0
2022-09-26,Australia,22A.Omicron,375,20,0,0
2022-09-26,Australia,22B.Omicron,375,296,0,0
2022-09-26,Australia,22C.Omicron,375,0,0,0
2022-09-26,Australia,22D.Omicron,375,32,0,0
2022-09-26,Australia,ORF1a.S3675,375,374,0,0
2022-09-26,Australia,S.E484,375,12,0,0
2022-09-26,Australia,S.H655,375,374,0,0
2022-09-26,Australia,S.H69-,375,323,0,0
2022-09-26,Australia,S.K417,375,364,0,0
2022-09-26,Australia,S.L18,375,0,0,0
2022-09-26,Australia,S.N439K,375,0,0,0
2022-09-26,Australia,S.N501,375,375,0,0
2022-09-26,Australia,S.P681,375,375,0,0
2022-09-26,Australia,S.Q677,375,1,0,0
2022-09-26,Australia,S.Q677H.Robin1,375,0,0,0
2022-09-26,Australia,S.Q677H.Robin2,375,0,0,0
2022-09-26,Australia,S.Q677P.Pelican,375,0,0,0
2022-09-26,Australia,S.S477,375,375,0,0
2022-09-26,Australia,S.S98F,375,0,0,0
2022-09-26,Australia,S.Y144-,375,17,0,0
2022-09-26,Austria,20A.EU1,428,0,0,0
2022-09-26,Austria,20A.EU2,428,0,0,0
2022-09-26,Austria,20H.Beta.V2,428,0,0,0
2022-09-26,Austria,20I.Alpha.V1,428,0,0,0
2022-09-26,Austria,20J.Gamma.V3,428,0,0,0
2022-09-26,Austria,21A.Delta,428,0,0,0
2022-09-26,Austria,21A.Delta.S.K417,428,294,0,0
2022-09-26,Austria,21B.Kappa,428,0,0,0
2022-09-26,Austria,21D.Eta,428,0,0,0
2022-09-26,Austria,21F.Iota,428,0,0,0
2022-09-26,Austria,21H.Mu,428,0,0,0
2022-09-26,Austria,22A.Omicron,428,14,0,0
2022-09-26,Austria,22B.Omicron,428,264,0,0
2022-09-26,Austria,22C.Omicron,428,0,0,0
2022-09-26,Austria,22D.Omicron,428,119,0,0
2022-09-26,Austria,Delta.299I,428,0,0,0
2022-09-26,Austria,ORF1a.S3675,428,424,0,0
2022-09-26,Austria,S.A626S,428,0,0,0
2022-09-26,Austria,S.D80Y,428,0,0,0
2022-09-26,Austria,S.E484,428,21,0,0
2022-09-26,Austria,S.H655,428,426,0,0
2022-09-26,Austria,S.H69-,428,271,0,0
2022-09-26,Austria,S.K417,428,427,0,0
2022-09-26,Austria,S.L18,428,0,0,0
2022-09-26,Austria,S.N439K,428,0,0,0
2022-09-26,Austria,S.N501,428,428,0,0
2022-09-26,Austria,S.P681,428,428,0,0
2022-09-26,Austria,S.Q677,428,2,0,0
2022-09-26,Austria,S.S477,428,427,0,0
2022-09-26,Austria,S.S98F,428,0,0,0
2022-09-26,Austria,S.Y144-,428,10,0,0
2022-09-26,Austria,S.Y453F,428,0,0,0
2022-09-26,Belgium,20A.EU1,849,0,0,0
2022-09-26,Belgium,20A.EU2,849,0,0,0
2022-09-26,Belgium,20A.S.126A,849,0,0,0
2022-09-26,Belgium,20B.S.732A,849,0,0,0
2022-09-26,Belgium,20H.Beta.V2,849,0,0,0
2022-09-26,Belgium,20I.Alpha.V1,849,0,0,0
2022-09-26,Belgium,20J.Gamma.V3,849,0,0,0
2022-09-26,Belgium,21A.Delta,849,0,0,0
2022-09-26,Belgium,21A.Delta.S.K417,849,744,0,0
2022-09-26,Belgium,21B.Kappa,849,0,0,0
2022-09-26,Belgium,21D.Eta,849,0,0,0
2022-09-26,Belgium,21F.Iota,849,0,0,0
2022-09-26,Belgium,21G.Lambda,849,0,0,0
2022-09-26,Belgium,21H.Mu,849,0,0,0
2022-09-26,Belgium,22A.Omicron,849,32,0,0
2022-09-26,Belgium,22B.Omicron,849,738,0,0
2022-09-26,Belgium,22C.Omicron,849,0,0,0
2022-09-26,Belgium,22D.Omicron,849,19,0,0
2022-09-26,Belgium,Delta.299I,849,0,0,0
2022-09-26,Belgium,ORF1a.S3675,849,849,0,0
2022-09-26,Belgium,S.A626S,849,0,0,0
2022-09-26,Belgium,S.D80Y,849,0,0,0
2022-09-26,Belgium,S.E484,849,3,0,0
2022-09-26,Belgium,S.H655,849,846,0,0
2022-09-26,Belgium,S.H69-,849,818,0,0
2022-09-26,Belgium,S.K417,849,838,0,0
2022-09-26,Belgium,S.L18,849,0,0,0
2022-09-26,Belgium,S.N439K,849,0,0,0
2022-09-26,Belgium,S.N501,849,710,0,0
2022-09-26,Belgium,S.P681,849,847,0,0
2022-09-26,Belgium,S.Q677,849,3,0,0
2022-09-26,Belgium,S.Q677H.Robin2,849,0,0,0
2022-09-26,Belgium,S.S477,849,770,0,0
2022-09-26,Belgium,S.S98F,849,0,0,0
2022-09-26,Belgium,S.Y144-,849,39,0,0
2022-09-26,Belgium,S.Y453F,849,0,0,0
2022-09-26,Canada,20A.EU1,1796,0,0,0
2022-09-26,Canada,20A.EU2,1796,0,0,0
2022-09-26,Canada,20A.S.126A,1796,0,0,0
2022-09-26,Canada,20B.S.732A,1796,0,0,0
2022-09-26,Canada,20H.Beta.V2,1796,0,0,0
2022-09-26,Canada,20I.Alpha.V1,1796,0,0,0
2022-09-26,Canada,20J.Gamma.V3,1796,0,0,0
2022-09-26,Canada,21A.Delta,1796,0,0,0
2022-09-26,Canada,21A.Delta.S.K417,1796,1763,0,0
2022-09-26,Canada,21B.Kappa,1796,0,0,0
2022-09-26,Canada,21C.Epsilon,1796,0,0,0
2022-09-26,Canada,21D.Eta,1796,0,0,0
2022-09-26,Canada,21F.Iota,1796,0,0,0
2022-09-26,Canada,21G.Lambda,1796,0,0,0
2022-09-26,Canada,22A.Omicron,1796,162,0,0
2022-09-26,Canada,22B.Omicron,1796,1568,0,0
2022-09-26,Canada,22C.Omicron,1796,0,0,0
2022-09-26,Canada,22D.Omicron,1796,19,0,0
2022-09-26,Canada,Delta.299I,1796,0,0,0
2022-09-26,Canada,ORF1a.S3675,1796,1792,0,0
2022-09-26,Canada,S.D80Y,1796,0,0,0
2022-09-26,Canada,S.E484,1796,12,0,0
2022-09-26,Canada,S.H655,1796,1796,0,0
2022-09-26,Canada,S.H69-,1796,1765,0,0
2022-09-26,Canada,S.K417,1796,1795,0,0
2022-09-26,Canada,S.L18,1796,0,0,0
2022-09-26,Canada,S.N439K,1796,0,0,0
2022-09-26,Canada,S.N501,1796,1796,0,0
2022-09-26,Canada,S.P681,1796,1796,0,0
2022-09-26,Canada,S.Q677,1796,0,0,0
2022-09-26,Canada,S.Q677H.Bluebird,1796,0,0,0
2022-09-26,Canada,S.Q677H.Quail,1796,0,0,0
2022-09-26,Canada,S.Q677H.Robin1,1796,0,0,0
2022-09-26,Canada,S.Q677H.Robin2,1796,0,0,0
2022-09-26,Canada,S.Q677H.Yellowhammer,1796,0,0,0
2022-09-26,Canada,S.Q677P.Pelican,1796,0,0,0
2022-09-26,Canada,S.S477,1796,1796,0,0
2022-09-26,Canada,S.S98F,1796,0,0,0
2022-09-26,Canada,S.Y144-,1796,36,0,0
2022-09-26,Canada,S.Y453F,1796,0,0,0
2022-09-26,Costa Rica,20H.Beta.V2,15,0,0,0
2022-09-26,Costa Rica,20J.Gamma.V3,15,0,0,0
2022-09-26,Costa Rica,21A.Delta,15,0,0,0
2022-09-26,Costa Rica,21C.Epsilon,15,0,0,0
2022-09-26,Costa Rica,21D.Eta,15,0,0,0
2022-09-26,Costa Rica,21F.Iota,15,0,0,0
2022-09-26,Costa Rica,21H.Mu,15,0,0,0
2022-09-26,Costa Rica,22A.Omicron,15,3,0,0
2022-09-26,Costa Rica,22B.Omicron,15,12,0,0
2022-09-26,Costa Rica,22C.Omicron,15,0,0,0
2022-09-26,Costa Rica,22D.Omicron,15,0,0,0
2022-09-26,Costa Rica,ORF1a.S3675,15,15,0,0
2022-09-26,Costa Rica,S.E484,15,0,0,0
2022-09-26,Costa Rica,S.H655,15,15,0,0
2022-09-26,Costa Rica,S.K417,15,15,0,0
2022-09-26,Costa Rica,S.L18,15,0,0,0
2022-09-26,Costa Rica,S.N501,15,15,0,0
2022-09-26,Costa Rica,S.P681,15,15,0,0
2022-09-26,Costa Rica,S.Q677,15,0,0,0
2022-09-26,Costa Rica,S.Q677P.Pelican,15,0,0,0
2022-09-26,Costa Rica,S.S477,15,15,0,0
2022-09-26,Costa Rica,S.S98F,15,0,0,0
2022-09-26,Costa Rica,S.Y144-,15,0,0,0
2022-09-26,Denmark,20A.EU1,3809,0,0,0
2022-09-26,Denmark,20A.EU2,3809,0,0,0
2022-09-26,Denmark,20B.S.732A,3809,0,0,0
2022-09-26,Denmark,20H.Beta.V2,3809,0,0,0
2022-09-26,Denmark,20I.Alpha.V1,3809,0,0,0
2022-09-26,Denmark,20J.Gamma.V3,3809,0,0,0
2022-09-26,Denmark,21A.Delta,3809,0,0,0
2022-09-26,Denmark,21A.Delta.S.K417,3809,3657,0,0
2022-09-26,Denmark,21B.Kappa,3809,0,0,0
2022-09-26,Denmark,21C.Epsilon,3809,0,0,0
2022-09-26,Denmark,21D.Eta,3809,0,0,0
2022-09-26,Denmark,21F.Iota,3809,0,0,0
2022-09-26,Denmark,21G.Lambda,3809,0,0,0
2022-09-26,Denmark,21H.Mu,3809,0,0,0
2022-09-26,Denmark,22A.Omicron,3809,126,0,0
2022-09-26,Denmark,22B.Omicron,3809,3428,0,0
2022-09-26,Denmark,22C.Omicron,3809,0,0,0
2022-09-26,Denmark,22D.Omicron,3809,95,0,0
2022-09-26,Denmark,Delta.299I,3809,0,0,0
2022-09-26,Denmark,ORF1a.S3675,3809,3806,0,0
2022-09-26,Denmark,S.A626S,3809,0,0,0
2022-09-26,Denmark,S.D80Y,3809,0,0,0
2022-09-26,Denmark,S.E484,3809,21,0,0
2022-09-26,Denmark,S.H655,3809,3804,0,0
2022-09-26,Denmark,S.H69-,3809,3672,0,0
2022-09-26,Denmark,S.K417,3809,3775,0,0
2022-09-26,Denmark,S.L18,3809,2,0,0
2022-09-26,Denmark,S.N439K,3809,0,0,0
2022-09-26,Denmark,S.N501,3809,3800,0,0
2022-09-26,Denmark,S.P681,3809,3805,0,0
2022-09-26,Denmark,S.Q677,3809,4,0,0
2022-09-26,Denmark,S.Q677H.Yellowhammer,3809,0,0,0
2022-09-26,Denmark,S.Q677P.Pelican,3809,0,0,0
2022-09-26,Denmark,S.S477,3809,3799,0,0
2022-09-26,Denmark,S.S98F,3809,0,0,0
2022-09-26,Denmark,S.V1122L,3809,0,0,0
2022-09-26,Denmark,S.Y144-,3809,175,0,0
2022-09-26,Denmark,S.Y453F,3809,0,0,0
2022-09-26,France,20A.EU1,1039,0,0,0
2022-09-26,France,20A.EU2,1039,0,0,0
2022-09-26,France,20A.S.126A,1039,0,0,0
2022-09-26,France,20B.S.732A,1039,0,0,0
2022-09-26,France,20H.Beta.V2,1039,0,0,0
2022-09-26,France,20I.Alpha.V1,1039,0,0,0
2022-09-26,France,20J.Gamma.V3,1039,0,0,0
2022-09-26,France,21A.Delta,1039,0,0,0
2022-09-26,France,21A.Delta.S.K417,1039,1006,0,0
2022-09-26,France,21B.Kappa,1039,0,0,0
2022-09-26,France,21C.Epsilon,1039,0,0,0
2022-09-26,France,21D.Eta,1039,0,0,0
2022-09-26,France,21F.Iota,1039,0,0,0
2022-09-26,France,21G.Lambda,1039,0,0,0
2022-09-26,France,21H.Mu,1039,0,0,0
2022-09-26,France,22A.Omicron,1039,89,0,0
2022-09-26,France,22B.Omicron,1039,836,0,0
2022-09-26,France,22C.Omicron,1039,0,0,0
2022-09-26,France,22D.Omicron,1039,13,0,0
2022-09-26,France,Delta.299I,1039,0,0,0
2022-09-26,France,ORF1a.S3675,1039,1036,0,0
2022-09-26,France,S.A626S,1039,0,0,0
2022-09-26,France,S.D80Y,1039,0,0,0
2022-09-26,France,S.E484,1039,1,0,0
2022-09-26,France,S.H655,1039,1034,0,0
2022-09-26,France,S.H69-,1039,1022,0,0
2022-09-26,France,S.K417,1039,1039,0,0
2022-09-26,France,S.L18,1039,0,0,0
2022-09-26,France,S.N439K,1039,0,0,0
2022-09-26,France,S.N501,1039,1021,0,0
2022-09-26,France,S.P681,1039,1039,0,0
2022-09-26,France,S.Q677,1039,4,0,0
2022-09-26,France,S.Q677H.Bluebird,1039,0,0,0
2022-09-26,France,S.Q677H.Robin2,1039,0,0,0
2022-09-26,France,S.Q677H.Yellowhammer,1039,0,0,0
2022-09-26,France,S.S477,1039,1020,0,0
2022-09-26,France,S.S98F,1039,0,0,0
2022-09-26,France,S.Y144-,1039,21,0,0
2022-09-26,France,S.Y453F,1039,0,0,0
2022-09-26,Germany,20A.EU1,115,0,0,0
2022-09-26,Germany,20A.EU2,115,0,0,0
2022-09-26,Germany,20A.S.126A,115,0,0,0
2022-09-26,Germany,20B.S.732A,115,0,0,0
2022-09-26,Germany,20H.Beta.V2,115,0,0,0
2022-09-26,Germany,20I.Alpha.V1,115,0,0,0
2022-09-26,Germany,20J.Gamma.V3,115,0,0,0
2022-09-26,Germany,21A.Delta,115,0,0,0
2022-09-26,Germany,21A.Delta.S.K417,115,110,0,0
2022-09-26,Germany,21B.Kappa,115,0,0,0
2022-09-26,Germany,21C.Epsilon,115,0,0,0
2022-09-26,Germany,21D.Eta,115,0,0,0
2022-09-26,Germany,21F.Iota,115,0,0,0
2022-09-26,Germany,21G.Lambda,115,0,0,0
2022-09-26,Germany,21H.Mu,115,0,0,0
2022-09-26,Germany,22A.Omicron,115,2,0,0
2022-09-26,Germany,22B.Omicron,115,108,0,0
2022-09-26,Germany,22C.Omicron,115,0,0,0
2022-09-26,Germany,22D.Omicron,115,1,0,0
2022-09-26,Germany,Delta.299I,115,0,0,0
2022-09-26,Germany,ORF1a.S3675,115,113,0,0
2022-09-26,Germany,S.A626S,115,0,0,0
2022-09-26,Germany,S.D80Y,115,0,0,0
2022-09-26,Germany,S.E484,115,2,0,0
2022-09-26,Germany,S.H655,115,113,0,0
2022-09-26,Germany,S.H69-,115,107,0,0
2022-09-26,Germany,S.K417,115,113,0,0
2022-09-26,Germany,S.L18,115,0,0,0
2022-09-26,Germany,S.N439K,115,0,0,0
2022-09-26,Germany,S.N501,115,113,0,0
2022-09-26,Germany,S.P681,115,114,0,0
2022-09-26,Germany,S.Q677,115,2,0,0
2022-09-26,Germany,S.S477,115,113,0,0
2022-09-26,Germany,S.S98F,115,0,0,0
2022-09-26,Germany,S.Y144-,115,0,0,0
2022-09-26,Germany,S.Y453F,115,0,0,0
2022-09-26,Iceland,22A.Omicron,80,2,0,0
2022-09-26,Iceland,22B.Omicron,80,74,0,0
2022-09-26,Iceland,22C.Omicron,80,0,0,0
2022-09-26,Iceland,22D.Omicron,80,1,0,0
2022-09-26,Ireland,20A.EU1,54,0,0,0
2022-09-26,Ireland,20A.EU2,54,0,0,0
2022-09-26,Ireland,20A.S.126A,54,0,0,0
2022-09-26,Ireland,20H.Beta.V2,54,0,0,0
2022-09-26,Ireland,20I.Alpha.V1,54,0,0,0
2022-09-26,Ireland,20J.Gamma.V3,54,0,0,0
2022-09-26,Ireland,21A.Delta,54,0,0,0
2022-09-26,Ireland,21A.Delta.S.K417,54,51,0,0
2022-09-26,Ireland,21B.Kappa,54,0,0,0
2022-09-26,Ireland,21C.Epsilon,54,0,0,0
2022-09-26,Ireland,21D.Eta,54,0,0,0
2022-09-26,Ireland,21F.Iota,54,0,0,0
2022-09-26,Ireland,21G.Lambda,54,0,0,0
2022-09-26,Ireland,21H.Mu,54,0,0,0
2022-09-26,Ireland,22A.Omicron,54,0,0,0
2022-09-26,Ireland,22B.Omicron,54,41,0,0
2022-09-26,Ireland,22C.Omicron,54,0,0,0
2022-09-26,Ireland,22D.Omicron,54,2,0,0
2022-09-26,Ireland,Delta.299I,54,0,0,0
2022-09-26,Ireland,ORF1a.S3675,54,54,0,0
2022-09-26,Ireland,S.D80Y,54,0,0,0
2022-09-26,Ireland,S.E484,54,1,0,0
2022-09-26,Ireland,S.H655,54,54,0,0
2022-09-26,Ireland,S.H69-,54,51,0,0
2022-09-26,Ireland,S.K417,54,54,0,0
2022-09-26,Ireland,S.L18,54,0,0,0
2022-09-26,Ireland,S.N439K,54,0,0,0
2022-09-26,Ireland,S.N501,54,54,0,0
2022-09-26,Ireland,S.P681,54,54,0,0
2022-09-26,Ireland,S.Q677,54,0,0,0
2022-09-26,Ireland,S.S477,54,54,0,0
2022-09-26,Ireland,S.S98F,54,0,0,0
2022-09-26,Ireland,S.Y144-,54,0,0,0
2022-09-26,Ireland,S.Y453F,54,0,0,0
2022-09-26,Italy,20A.EU1,334,0,0,0
2022-09-26,Italy,20A.EU2,334,0,0,0
2022-09-26,Italy,20A.S.126A,334,0,0,0
2022-09-26,Italy,20B.S.732A,334,0,0,0
2022-09-26,Italy,20H.Beta.V2,334,0,0,0
2022-09-26,Italy,20I.Alpha.V1,334,0,0,0
2022-09-26,Italy,20J.Gamma.V3,334,0,0,0
2022-09-26,Italy,21A.Delta,334,0,0,0
2022-09-26,Italy,21A.Delta.S.K417,334,296,0,0
2022-09-26,Italy,21B.Kappa,334,0,0,0
2022-09-26,Italy,21C.Epsilon,334,0,0,0
2022-09-26,Italy,21D.Eta,334,0,0,0
2022-09-26,Italy,21F.Iota,334,0,0,0
2022-09-26,Italy,21G.Lambda,334,0,0,0
2022-09-26,Italy,21H.Mu,334,0,0,0
2022-09-26,Italy,22A.Omicron,334,15,0,0
2022-09-26,Italy,22B.Omicron,334,295,0,0
2022-09-26,Italy,22C.Omicron,334,0,0,0
2022-09-26,Italy,22D.Omicron,334,6,0,0
2022-09-26,Italy,Delta.299I,334,0,0,0
2022-09-26,Italy,ORF1a.S3675,334,334,0,0
2022-09-26,Italy,S.A626S,334,0,0,0
2022-09-26,Italy,S.D80Y,334,0,0,0
2022-09-26,Italy,S.E484,334,2,0,0
2022-09-26,Italy,S.H655,334,334,0,0
2022-09-26,Italy,S.H69-,334,316,0,0
2022-09-26,Italy,S.K417,334,309,0,0
2022-09-26,Italy,S.L18,334,0,0,0
2022-09-26,Italy,S.N439K,334,0,0,0
2022-09-26,Italy,S.N501,334,329,0,0
2022-09-26,Italy,S.P681,334,327,0,0
2022-09-26,Italy,S.Q677,334,0,0,0
2022-09-26,Italy,S.Q677H.Bluebird,334,0,0,0
2022-09-26,Italy,S.Q677H.Mockingbird,334,0,0,0
2022-09-26,Italy,S.S477,334,321,0,0
2022-09-26,Italy,S.S98F,334,0,0,0
2022-09-26,Italy,S.Y144-,334,16,0,0
2022-09-26,Italy,S.Y453F,334,0,0,0
2022-09-26,Japan,20A.EU1,153,0,0,0
2022-09-26,Japan,20A.EU2,153,0,0,0
2022-09-26,Japan,20B.S.732A,153,0,0,0
2022-09-26,Japan,20H.Beta.V2,153,0,0,0
2022-09-26,Japan,20I.Alpha.V1,153,0,0,0
2022-09-26,Japan,20J.Gamma.V3,153,0,0,0
2022-09-26,Japan,21A.Delta,153,0,0,0
2022-09-26,Japan,21A.Delta.S.K417,153,150,0,0
2022-09-26,Japan,21B.Kappa,153,0,0,0
2022-09-26,Japan,21C.Epsilon,153,0,0,0
2022-09-26,Japan,21D.Eta,153,0,0,0
2022-09-26,Japan,21F.Iota,153,0,0,0
2022-09-26,Japan,21G.Lambda,153,0,0,0
2022-09-26,Japan,21H.Mu,153,0,0,0
2022-09-26,Japan,22A.Omicron,153,0,0,0
2022-09-26,Japan,22B.Omicron,153,148,0,0
2022-09-26,Japan,22C.Omicron,153,0,0,0
2022-09-26,Japan,22D.Omicron,153,2,0,0
2022-09-26,Japan,Delta.299I,153,0,0,0
2022-09-26,Japan,ORF1a.S3675,153,153,0,0
2022-09-26,Japan,S.A626S,153,0,0,0
2022-09-26,Japan,S.E484,153,0,0,0
2022-09-26,Japan,S.H655,153,153,0,0
2022-09-26,Japan,S.H69-,153,149,0,0
2022-09-26,Japan,S.K417,153,153,0,0
2022-09-26,Japan,S.L18,153,0,0,0
2022-09-26,Japan,S.N439K,153,0,0,0
2022-09-26,Japan,S.N501,153,153,0,0
2022-09-26,Japan,S.P681,153,153,0,0
2022-09-26,Japan,S.Q677,153,0,0,0
2022-09-26,Japan,S.Q677H.Bluebird,153,0,0,0
2022-09-26,Japan,S.Q677H.Quail,153,0,0,0
2022-09-26,Japan,S.Q677H.Robin1,153,0,0,0
2022-09-26,Japan,S.Q677H.Yellowhammer,153,0,0,0
2022-09-26,Japan,S.S477,153,153,0,0
2022-09-26,Japan,S.S98F,153,0,0,0
2022-09-26,Japan,S.V1122L,153,0,0,0
2022-09-26,Japan,S.Y144-,153,9,0,0
2022-09-26,Japan,S.Y453F,153,0,0,0
2022-09-26,Netherlands,20A.EU1,270,0,0,0
2022-09-26,Netherlands,20A.EU2,270,0,0,0
2022-09-26,Netherlands,20A.S.126A,270,0,0,0
2022-09-26,Netherlands,20B.S.732A,270,0,0,0
2022-09-26,Netherlands,20H.Beta.V2,270,0,0,0
2022-09-26,Netherlands,20I.Alpha.V1,270,0,0,0
2022-09-26,Netherlands,20J.Gamma.V3,270,0,0,0
2022-09-26,Netherlands,21A.Delta,270,0,0,0
2022-09-26,Netherlands,21A.Delta.S.K417,270,261,0,0
2022-09-26,Netherlands,21B.Kappa,270,0,0,0
2022-09-26,Netherlands,21C.Epsilon,270,0,0,0
2022-09-26,Netherlands,21D.Eta,270,0,0,0
2022-09-26,Netherlands,21F.Iota,270,0,0,0
2022-09-26,Netherlands,21G.Lambda,270,0,0,0
2022-09-26,Netherlands,21H.Mu,270,0,0,0
2022-09-26,Netherlands,22A.Omicron,270,7,0,0
2022-09-26,Netherlands,22B.Omicron,270,242,0,0
2022-09-26,Netherlands,22C.Omicron,270,0,0,0
2022-09-26,Netherlands,22D.Omicron,270,9,0,0
2022-09-26,Netherlands,Delta.299I,270,0,0,0
2022-09-26,Netherlands,ORF1a.S3675,270,269,0,0
2022-09-26,Netherlands,S.A626S,270,0,0,0
2022-09-26,Netherlands,S.D80Y,270,0,0,0
2022-09-26,Netherlands,S.E484,270,1,0,0
2022-09-26,Netherlands,S.H655,270,270,0,0
2022-09-26,Netherlands,S.H69-,270,258,0,0
2022-09-26,Netherlands,S.K417,270,270,0,0
2022-09-26,Netherlands,S.L18,270,0,0,0
2022-09-26,Netherlands,S.N439K,270,0,0,0
2022-09-26,Netherlands,S.N501,270,253,0,0
2022-09-26,Netherlands,S.P681,270,270,0,0
2022-09-26,Netherlands,S.Q677,270,0,0,0
2022-09-26,Netherlands,S.Q677H.Robin1,270,0,0,0
2022-09-26,Netherlands,S.Q677H.Yellowhammer,270,0,0,0
2022-09-26,Netherlands,S.S477,270,270,0,0
2022-09-26,Netherlands,S.S98F,270,0,0,0
2022-09-26,Netherlands,S.Y144-,270,10,0,0
2022-09-26,Netherlands,S.Y453F,270,0,0,0
2022-09-26,New Zealand,20A.EU1,37,0,0,0
2022-09-26,New Zealand,20A.EU2,37,0,0,0
2022-09-26,New Zealand,20B.S.732A,37,0,0,0
2022-09-26,New Zealand,20H.Beta.V2,37,0,0,0
2022-09-26,New Zealand,20I.Alpha.V1,37,0,0,0
2022-09-26,New Zealand,20J.Gamma.V3,37,0,0,0
2022-09-26,New Zealand,21A.Delta,37,0,0,0
2022-09-26,New Zealand,21A.Delta.S.K417,37,34,0,0
2022-09-26,New Zealand,21B.Kappa,37,0,0,0
2022-09-26,New Zealand,21C.Epsilon,37,0,0,0
2022-09-26,New Zealand,21F.Iota,37,0,0,0
2022-09-26,New Zealand,22A.Omicron,37,2,0,0
2022-09-26,New Zealand,22B.Omicron,37,31,0,0
2022-09-26,New Zealand,22C.Omicron,37,0,0,0
2022-09-26,New Zealand,22D.Omicron,37,4,0,0
2022-09-26,New Zealand,ORF1a.S3675,37,37,0,0
2022-09-26,New Zealand,S.E484,37,0,0,0
2022-09-26,New Zealand,S.H655,37,37,0,0
2022-09-26,New Zealand,S.H69-,37,33,0,0
2022-09-26,New Zealand,S.K417,37,37,0,0
2022-09-26,New Zealand,S.L18,37,0,0,0
2022-09-26,New Zealand,S.N439K,37,0,0,0
2022-09-26,New Zealand,S.N501,37,37,0,0
2022-09-26,New Zealand,S.P681,37,37,0,0
2022-09-26,New Zealand,S.Q677,37,0,0,0
2022-09-26,New Zealand,S.S477,37,37,0,0
2022-09-26,New Zealand,S.S98F,37,0,0,0
2022-09-26,New Zealand,S.Y144-,37,0,0,0
2022-09-26,Poland,20A.EU1,269,0,0,0
2022-09-26,Poland,20A.EU2,269,0,0,0
2022-09-26,Poland,20B.S.732A,269,0,0,0
2022-09-26,Poland,20H.Beta.V2,269,0,0,0
2022-09-26,Poland,20I.Alpha.V1,269,0,0,0
2022-09-26,Poland,20J.Gamma.V3,269,0,0,0
2022-09-26,Poland,21A.Delta,269,0,0,0
2022-09-26,Poland,21A.Delta.S.K417,269,215,0,0
2022-09-26,Poland,21D.Eta,269,0,0,0
2022-09-26,Poland,21G.Lambda,269,0,0,0
2022-09-26,Poland,21H.Mu,269,0,0,0
2022-09-26,Poland,22A.Omicron,269,0,0,0
2022-09-26,Poland,22B.Omicron,269,265,0,0
2022-09-26,Poland,22C.Omicron,269,0,0,0
2022-09-26,Poland,22D.Omicron,269,2,0,0
2022-09-26,Poland,Delta.299I,269,0,0,0
2022-09-26,Poland,ORF1a.S3675,269,268,0,0
2022-09-26,Poland,S.A626S,269,0,0,0
2022-09-26,Poland,S.E484,269,0,0,0
2022-09-26,Poland,S.H655,269,269,0,0
2022-09-26,Poland,S.H69-,269,265,0,0
2022-09-26,Poland,S.K417,269,255,0,0
2022-09-26,Poland,S.L18,269,0,0,0
2022-09-26,Poland,S.N439K,269,0,0,0
2022-09-26,Poland,S.N501,269,167,0,0
2022-09-26,Poland,S.P681,269,269,0,0
2022-09-26,Poland,S.Q677,269,0,0,0
2022-09-26,Poland,S.Q677H.Bluebird,269,0,0,0
2022-09-26,Poland,S.Q677H.Robin1,269,0,0,0
2022-09-26,Poland,S.S477,269,220,0,0
2022-09-26,Poland,S.S98F,269,0,0,0
2022-09-26,Poland,S.Y144-,269,5,0,0
2022-09-26,Poland,S.Y453F,269,0,0,0
2022-09-26,Portugal,20A.EU1,99,0,0,0
2022-09-26,Portugal,20A.EU2,99,0,0,0
2022-09-26,Portugal,20A.S.126A,99,0,0,0
2022-09-26,Portugal,20H.Beta.V2,99,0,0,0
2022-09-26,Portugal,20I.Alpha.V1,99,0,0,0
2022-09-26,Portugal,20J.Gamma.V3,99,0,0,0
2022-09-26,Portugal,21A.Delta,99,0,0,0
2022-09-26,Portugal,21A.Delta.S.K417,99,99,0,0
2022-09-26,Portugal,21B.Kappa,99,0,0,0
2022-09-26,Portugal,21D.Eta,99,0,0,0
2022-09-26,Portugal,21F.Iota,99,0,0,0
2022-09-26,Portugal,21G.Lambda,99,0,0,0
2022-09-26,Portugal,21H.Mu,99,0,0,0
2022-09-26,Portugal,22A.Omicron,99,8,0,0
2022-09-26,Portugal,22B.Omicron,99,88,0,0
2022-09-26,Portugal,22C.Omicron,99,0,0,0
2022-09-26,Portugal,22D.Omicron,99,0,0,0
2022-09-26,Portugal,Delta.299I,99,0,0,0
2022-09-26,Portugal,ORF1a.S3675,99,99,0,0
2022-09-26,Portugal,S.D80Y,99,0,0,0
2022-09-26,Portugal,S.E484,99,0,0,0
2022-09-26,Portugal,S.H655,99,99,0,0
2022-09-26,Portugal,S.H69-,99,99,0,0
2022-09-26,Portugal,S.K417,99,99,0,0
2022-09-26,Portugal,S.L18,99,0,0,0
2022-09-26,Portugal,S.N439K,99,0,0,0
2022-09-26,Portugal,S.N501,99,99,0,0
2022-09-26,Portugal,S.P681,99,99,0,0
2022-09-26,Portugal,S.Q677,99,1,0,0
2022-09-26,Portugal,S.S477,99,99,0,0
2022-09-26,Portugal,S.S98F,99,0,0,0
2022-09-26,Portugal,S.Y144-,99,2,0,0
2022-09-26,Spain,20A.EU1,108,0,0,0
2022-09-26,Spain,20A.EU2,108,0,0,0
2022-09-26,Spain,20A.S.126A,108,0,0,0
2022-09-26,Spain,20B.S.732A,108,0,0,0
2022-09-26,Spain,20H.Beta.V2,108,0,0,0
2022-09-26,Spain,20I.Alpha.V1,108,0,0,0
2022-09-26,Spain,20J.Gamma.V3,108,0,0,0
2022-09-26,Spain,21A.Delta,108,0,0,0
2022-09-26,Spain,21A.Delta.S.K417,108,101,0,0
2022-09-26,Spain,21B.Kappa,108,0,0,0
2022-09-26,Spain,21C.Epsilon,108,0,0,0
2022-09-26,Spain,21D.Eta,108,0,0,0
2022-09-26,Spain,21F.Iota,108,0,0,0
2022-09-26,Spain,21G.Lambda,108,0,0,0
2022-09-26,Spain,21H.Mu,108,0,0,0
2022-09-26,Spain,22A.Omicron,108,5,0,0
2022-09-26,Spain,22B.Omicron,108,92,0,0
2022-09-26,Spain,22C.Omicron,108,0,0,0
2022-09-26,Spain,22D.Omicron,108,4,0,0
2022-09-26,Spain,Delta.299I,108,0,0,0
2022-09-26,Spain,ORF1a.S3675,108,105,0,0
2022-09-26,Spain,S.A626S,108,0,0,0
2022-09-26,Spain,S.D80Y,108,0,0,0
2022-09-26,Spain,S.E484,108,0,0,0
2022-09-26,Spain,S.H655,108,108,0,0
2022-09-26,Spain,S.H69-,108,101,0,0
2022-09-26,Spain,S.K417,108,105,0,0
2022-09-26,Spain,S.L18,108,0,0,0
2022-09-26,Spain,S.N439K,108,0,0,0
2022-09-26,Spain,S.N501,108,108,0,0
2022-09-26,Spain,S.P681,108,108,0,0
2022-09-26,Spain,S.Q677,108,0,0,0
2022-09-26,Spain,S.Q677H.Quail,108,0,0,0
2022-09-26,Spain,S.Q677H.Robin2,108,0,0,0
2022-09-26,Spain,S.Q677H.Yellowhammer,108,0,0,0
2022-09-26,Spain,S.S477,108,108,0,0
2022-09-26,Spain,S.S98F,108,0,0,0
2022-09-26,Spain,S.Y144-,108,3,0,0
2022-09-26,Spain,S.Y453F,108,0,0,0
2022-09-26,Sweden,20A.EU1,544,0,0,0
2022-09-26,Sweden,20A.EU2,544,0,0,0
2022-09-26,Sweden,20A.S.126A,544,0,0,0
2022-09-26,Sweden,20B.S.732A,544,0,0,0
2022-09-26,Sweden,20H.Beta.V2,544,0,0,0
2022-09-26,Sweden,20I.Alpha.V1,544,0,0,0
2022-09-26,Sweden,20J.Gamma.V3,544,0,0,0
2022-09-26,Sweden,21A.Delta,544,0,0,0
2022-09-26,Sweden,21A.Delta.S.K417,544,486,0,0
2022-09-26,Sweden,21B.Kappa,544,0,0,0
2022-09-26,Sweden,21C.Epsilon,544,0,0,0
2022-09-26,Sweden,21D.Eta,544,0,0,0
2022-09-26,Sweden,21F.Iota,544,0,0,0
2022-09-26,Sweden,21G.Lambda,544,0,0,0
2022-09-26,Sweden,21H.Mu,544,0,0,0
2022-09-26,Sweden,22A.Omicron,544,7,0,0
2022-09-26,Sweden,22B.Omicron,544,524,0,0
2022-09-26,Sweden,22C.Omicron,544,0,0,0
2022-09-26,Sweden,22D.Omicron,544,7,0,0
2022-09-26,Sweden,Delta.299I,544,0,0,0
2022-09-26,Sweden,ORF1a.S3675,544,541,0,0
2022-09-26,Sweden,S.A626S,544,0,0,0
2022-09-26,Sweden,S.E484,544,0,0,0
2022-09-26,Sweden,S.H655,544,544,0,0
2022-09-26,Sweden,S.H69-,544,536,0,0
2022-09-26,Sweden,S.K417,544,503,0,0
2022-09-26,Sweden,S.L18,544,0,0,0
2022-09-26,Sweden,S.N439K,544,0,0,0
2022-09-26,Sweden,S.N501,544,529,0,0
2022-09-26,Sweden,S.P681,544,544,0,0
2022-09-26,Sweden,S.Q677,544,0,0,0
2022-09-26,Sweden,S.S477,544,533,0,0
2022-09-26,Sweden,S.S98F,544,0,0,0
2022-09-26,Sweden,S.V1122L,544,0,0,0
2022-09-26,Sweden,S.Y144-,544,24,0,0
2022-09-26,Sweden,S.Y453F,544,0,0,0
2022-09-26,Switzerland,20A.EU1,57,0,0,0
2022-09-26,Switzerland,20A.EU2,57,0,0,0
2022-09-26,Switzerland,20A.S.126A,57,0,0,0
2022-09-26,Switzerland,20B.S.732A,57,0,0,0
2022-09-26,Switzerland,20H.Beta.V2,57,0,0,0
2022-09-26,Switzerland,20I.Alpha.V1,57,0,0,0
2022-09-26,Switzerland,20J.Gamma.V3,57,0,0,0
2022-09-26,Switzerland,21A.Delta,57,0,0,0
2022-09-26,Switzerland,21A.Delta.S.K417,57,50,0,0
2022-09-26,Switzerland,21B.Kappa,57,0,0,0
2022-09-26,Switzerland,21C.Epsilon,57,0,0,0
2022-09-26,Switzerland,21D.Eta,57,0,0,0
2022-09-26,Switzerland,21F.Iota,57,0,0,0
2022-09-26,Switzerland,21G.Lambda,57,0,0,0
2022-09-26,Switzerland,21H.Mu,57,0,0,0
2022-09-26,Switzerland,22A.Omicron,57,1,0,0
2022-09-26,Switzerland,22B.Omicron,57,48,0,0
2022-09-26,Switzerland,22C.Omicron,57,0,0,0
2022-09-26,Switzerland,22D.Omicron,57,6,0,0
2022-09-26,Switzerland,Delta.299I,57,0,0,0
2022-09-26,Switzerland,ORF1a.S3675,57,57,0,0
2022-09-26,Switzerland,S.A626S,57,0,0,0
2022-09-26,Switzerland,S.D80Y,57,0,0,0
2022-09-26,Switzerland,S.E484,57,1,0,0
2022-09-26,Switzerland,S.H655,57,57,0,0
2022-09-26,Switzerland,S.H69-,57,49,0,0
2022-09-26,Switzerland,S.K417,57,57,0,0
2022-09-26,Switzerland,S.L18,57,0,0,0
2022-09-26,Switzerland,S.N439K,57,0,0,0
2022-09-26,Switzerland,S.N501,57,57,0,0
2022-09-26,Switzerland,S.P681,57,57,0,0
2022-09-26,Switzerland,S.Q677,57,0,0,0
2022-09-26,Switzerland,S.Q677H.Bluebird,57,0,0,0
2022-09-26,Switzerland,S.Q677H.Yellowhammer,57,0,0,0
2022-09-26,Switzerland,S.S477,57,57,0,0
2022-09-26,Switzerland,S.S98F,57,0,0,0
2022-09-26,Switzerland,S.Y144-,57,2,0,0
2022-09-26,Switzerland,S.Y453F,57,0,0,0
2022-09-26,Turkey,20A.EU1,141,0,0,0
2022-09-26,Turkey,20A.EU2,141,0,0,0
2022-09-26,Turkey,20H.Beta.V2,141,0,0,0
2022-09-26,Turkey,20I.Alpha.V1,141,0,0,0
2022-09-26,Turkey,20J.Gamma.V3,141,0,0,0
2022-09-26,Turkey,21A.Delta,141,0,0,0
2022-09-26,Turkey,21A.Delta.S.K417,141,137,0,0
2022-09-26,Turkey,21C.Epsilon,141,0,0,0
2022-09-26,Turkey,21D.Eta,141,0,0,0
2022-09-26,Turkey,21H.Mu,141,0,0,0
2022-09-26,Turkey,22A.Omicron,141,2,0,0
2022-09-26,Turkey,22B.Omicron,141,128,0,0
2022-09-26,Turkey,22C.Omicron,141,0,0,0
2022-09-26,Turkey,22D.Omicron,141,3,0,0
2022-09-26,Turkey,Delta.299I,141,0,0,0
2022-09-26,Turkey,ORF1a.S3675,141,141,0,0
2022-09-26,Turkey,S.E484,141,1,0,0
2022-09-26,Turkey,S.H655,141,141,0,0
2022-09-26,Turkey,S.H69-,141,136,0,0
2022-09-26,Turkey,S.K417,141,141,0,0
2022-09-26,Turkey,S.L18,141,0,0,0
2022-09-26,Turkey,S.N439K,141,0,0,0
2022-09-26,Turkey,S.N501,141,141,0,0
2022-09-26,Turkey,S.P681,141,141,0,0
2022-09-26,Turkey,S.Q677,141,1,0,0
2022-09-26,Turkey,S.S477,141,141,0,0
2022-09-26,Turkey,S.S98F,141,0,0,0
2022-09-26,Turkey,S.Y144-,141,6,0,0
2022-09-26,Turkey,S.Y453F,141,0,0,0
2022-09-26,United Kingdom,20A.EU1,1646,0,0,0
2022-09-26,United Kingdom,20A.EU2,1646,0,0,0
2022-09-26,United Kingdom,20A.S.126A,1646,0,0,0
2022-09-26,United Kingdom,20B.S.732A,1646,0,0,0
2022-09-26,United Kingdom,20H.Beta.V2,1646,0,0,0
2022-09-26,United Kingdom,20I.Alpha.V1,1646,0,0,0
2022-09-26,United Kingdom,20J.Gamma.V3,1646,0,0,0
2022-09-26,United Kingdom,21A.Delta,1646,0,0,0
2022-09-26,United Kingdom,21A.Delta.S.K417,1646,1506,0,0
2022-09-26,United Kingdom,21B.Kappa,1646,0,0,0
2022-09-26,United Kingdom,21C.Epsilon,1646,0,0,0
2022-09-26,United Kingdom,21D.Eta,1646,0,0,0
2022-09-26,United Kingdom,21F.Iota,1646,0,0,0
2022-09-26,United Kingdom,21G.Lambda,1646,0,0,0
2022-09-26,United Kingdom,21H.Mu,1646,0,0,0
2022-09-26,United Kingdom,22A.Omicron,1646,121,0,0
2022-09-26,United Kingdom,22B.Omicron,1646,1309,0,0
2022-09-26,United Kingdom,22C.Omicron,1646,0,0,0
2022-09-26,United Kingdom,22D.Omicron,1646,70,0,0
2022-09-26,United Kingdom,Delta.299I,1646,0,0,0
2022-09-26,United Kingdom,ORF1a.S3675,1646,1593,0,0
2022-09-26,United Kingdom,S.A626S,1646,0,0,0
2022-09-26,United Kingdom,S.D80Y,1646,0,0,0
2022-09-26,United Kingdom,S.E484,1646,0,0,0
2022-09-26,United Kingdom,S.H655,1646,1645,0,0
2022-09-26,United Kingdom,S.H69-,1646,1474,0,0
2022-09-26,United Kingdom,S.K417,1646,1575,0,0
2022-09-26,United Kingdom,S.L18,1646,0,0,0
2022-09-26,United Kingdom,S.N439K,1646,0,0,0
2022-09-26,United Kingdom,S.N501,1646,1646,0,0
2022-09-26,United Kingdom,S.P681,1646,1646,0,0
2022-09-26,United Kingdom,S.Q677,1646,0,0,0
2022-09-26,United Kingdom,S.Q677H.Robin2,1646,0,0,0
2022-09-26,United Kingdom,S.Q677P.Pelican,1646,0,0,0
2022-09-26,United Kingdom,S.S477,1646,1646,0,0
2022-09-26,United Kingdom,S.S98F,1646,0,0,0
2022-09-26,United Kingdom,S.V1122L,1646,0,0,0
2022-09-26,United Kingdom,S.Y144-,1646,90,0,0
2022-09-26,United Kingdom,S.Y453F,1646,0,0,0
