tDate,Population,Acc1_TDTotal,Acc1_Inoc,Acc1_Rate,Acc2_TDTotal,Acc2_Inoc,Acc2_Rate,Acc3_TDTotal,Acc3_Inoc,Acc3_Rate,Acc4_TDTotal,Acc4_Inoc,Acc4_Rate,AccWinter_TDTotal,AccWinter_Inoc,AccWinter_Rate,SeoulPopulation,Seoul1_TDTotal,Seoul1_Inoc,Seoul1_Rate,Seoul2_TDTotal,Seoul2_Inoc,Seoul2_Rate,Seoul3_TDTotal,Seoul3_Inoc,Seoul3_Rate,Seoul4_TDTotal,Seoul4_Inoc,Seoul4_Rate,SeoulWinter_TDTotal,SeoulWinter_Inoc,SeoulWinter_Rate,BusanPopulation,Busan1_TDTotal,Busan1_Inoc,Busan1_Rate,Busan2_TDTotal,Busan2_Inoc,Busan2_Rate,Busan3_TDTotal,Busan3_Inoc,Busan3_Rate,Busan4_TDTotal,Busan4_Inoc,Busan4_Rate,BusanWinter_TDTotal,BusanWinter_Inoc,BusanWinter_Rate,DaeguPopulation,Daegu1_TDTotal,Daegu1_Inoc,Daegu1_Rate,Daegu2_TDTotal,Daegu2_Inoc,Daegu2_Rate,Daegu3_TDTotal,Daegu3_Inoc,Daegu3_Rate,Daegu4_TDTotal,Daegu4_Inoc,Daegu4_Rate,DaeguWinter_TDTotal,DaeguWinter_Inoc,DaeguWinter_Rate,GwangjuPopulation,Gwangju1_TDTotal,Gwangju1_Inoc,Gwangju1_Rate,Gwangju2_TDTotal,Gwangju2_Inoc,Gwangju2_Rate,Gwangju3_TDTotal,Gwangju3_Inoc,Gwangju3_Rate,Gwangju4_TDTotal,Gwangju4_Inoc,Gwangju4_Rate,GwangjuWinter_TDTotal,GwangjuWinter_Inoc,GwangjuWinter_Rate,DaejeonPopulation,Daejeon1_TDTotal,Daejeon1_Inoc,Daejeon1_Rate,Daejeon2_TDTotal,Daejeon2_Inoc,Daejeon2_Rate,Daejeon3_TDTotal,Daejeon3_Inoc,Daejeon3_Rate,Daejeon4_TDTotal,Daejeon4_Inoc,Daejeon4_Rate,DaejeonWinter_TDTotal,DaejeonWinter_Inoc,DaejeonWinter_Rate,UlsanPopulation,Ulsan1_TDTotal,Ulsan1_Inoc,Ulsan1_Rate,Ulsan2_TDTotal,Ulsan2_Inoc,Ulsan2_Rate,Ulsan3_TDTotal,Ulsan3_Inoc,Ulsan3_Rate,Ulsan4_TDTotal,Ulsan4_Inoc,Ulsan4_Rate,UlsanWinter_TDTotal,UlsanWinter_Inoc,UlsanWinter_Rate,SejongPopulation,Sejong1_TDTotal,Sejong1_Inoc,Sejong1_Rate,Sejong2_TDTotal,Sejong2_Inoc,Sejong2_Rate,Sejong3_TDTotal,Sejong3_Inoc,Sejong3_Rate,Sejong4_TDTotal,Sejong4_Inoc,Sejong4_Rate,SejongWinter_TDTotal,SejongWinter_Inoc,SejongWinter_Rate,GyeonggiPopulation,Gyeonggi1_TDTotal,Gyeonggi1_Inoc,Gyeonggi1_Rate,Gyeonggi2_TDTotal,Gyeonggi2_Inoc,Gyeonggi2_Rate,Gyeonggi3_TDTotal,Gyeonggi3_Inoc,Gyeonggi3_Rate,Gyeonggi4_TDTotal,Gyeonggi4_Inoc,Gyeonggi4_Rate,GyeonggiWinter_TDTotal,GyeonggiWinter_Inoc,GyeonggiWinter_Rate,GangwonPopulation,Gangwon1_TDTotal,Gangwon1_Inoc,Gangwon1_Rate,Gangwon2_TDTotal,Gangwon2_Inoc,Gangwon2_Rate,Gangwon3_TDTotal,Gangwon3_Inoc,Gangwon3_Rate,Gangwon4_TDTotal,Gangwon4_Inoc,Gangwon4_Rate,GangwonWinter_TDTotal,GangwonWinter_Inoc,GangwonWinter_Rate,ChungbukPopulation,Chungbuk1_TDTotal,Chungbuk1_Inoc,Chungbuk1_Rate,Chungbuk2_TDTotal,Chungbuk2_Inoc,Chungbuk2_Rate,Chungbuk3_TDTotal,Chungbuk3_Inoc,Chungbuk3_Rate,Chungbuk4_TDTotal,Chungbuk4_Inoc,Chungbuk4_Rate,ChungbukWinter_TDTotal,ChungbukWinter_Inoc,ChungbukWinter_Rate,ChungnamPopulation,Chungnam1_TDTotal,Chungnam1_Inoc,Chungnam1_Rate,Chungnam2_TDTotal,Chungnam2_Inoc,Chungnam2_Rate,Chungnam3_TDTotal,Chungnam3_Inoc,Chungnam3_Rate,Chungnam4_TDTotal,Chungnam4_Inoc,Chungnam4_Rate,ChungnamWinter_TDTotal,ChungnamWinter_Inoc,ChungnamWinter_Rate,JeonbukPopulation,Jeonbuk1_TDTotal,Jeonbuk1_Inoc,Jeonbuk1_Rate,Jeonbuk2_TDTotal,Jeonbuk2_Inoc,Jeonbuk2_Rate,Jeonbuk3_TDTotal,Jeonbuk3_Inoc,Jeonbuk3_Rate,Jeonbuk4_TDTotal,Jeonbuk4_Inoc,Jeonbuk4_Rate,JeonbukWinter_TDTotal,JeonbukWinter_Inoc,JeonbukWinter_Rate,JeonnamPopulation,Jeonnam1_TDTotal,Jeonnam1_Inoc,Jeonnam1_Rate,Jeonnam2_TDTotal,Jeonnam2_Inoc,Jeonnam2_Rate,Jeonnam3_TDTotal,Jeonnam3_Inoc,Jeonnam3_Rate,Jeonnam4_TDTotal,Jeonnam4_Inoc,Jeonnam4_Rate,JeonnamWinter_TDTotal,JeonnamWinter_Inoc,JeonnamWinter_Rate,GyeongbukPopulation,Gyeongbuk1_TDTotal,Gyeongbuk1_Inoc,Gyeongbuk1_Rate,Gyeongbuk2_TDTotal,Gyeongbuk2_Inoc,Gyeongbuk2_Rate,Gyeongbuk3_TDTotal,Gyeongbuk3_Inoc,Gyeongbuk3_Rate,Gyeongbuk4_TDTotal,Gyeongbuk4_Inoc,Gyeongbuk4_Rate,GyeongbukWinter_TDTotal,GyeongbukWinter_Inoc,GyeongbukWinter_Rate,GyeongnamPopulation,Gyeongnam1_TDTotal,Gyeongnam1_Inoc,Gyeongnam1_Rate,Gyeongnam2_TDTotal,Gyeongnam2_Inoc,Gyeongnam2_Rate,Gyeongnam3_TDTotal,Gyeongnam3_Inoc,Gyeongnam3_Rate,Gyeongnam4_TDTotal,Gyeongnam4_Inoc,Gyeongnam4_Rate,GyeongnamWinter_TDTotal,GyeongnamWinter_Inoc,GyeongnamWinter_Rate,JejuPopulation,Jeju1_TDTotal,Jeju1_Inoc,Jeju1_Rate,Jeju2_TDTotal,Jeju2_Inoc,Jeju2_Rate,Jeju3_TDTotal,Jeju3_Inoc,Jeju3_Rate,Jeju4_TDTotal,Jeju4_Inoc,Jeju4_Rate,JejuWinter_TDTotal,JejuWinter_Inoc,JejuWinter_Rate
2022-11-24,51317389,265,45128031,87.9,246,44698493,87.1,1654,33700823,65.7,1514,7586265,14.8,102022,2414291,4.7,9401888,48,8334935,88.7,54,8257555,87.8,449,6083357,64.7,264,1271882,13.5,18145,443690,4.7,3330119,27,2879859,86.5,19,2851370,85.6,152,2142643,64.3,119,503942,15.1,7875,161404,4.8,2373789,15,2018392,85,11,1995594,84.1,64,1406135,59.2,45,267699,11.3,4470,76908,3.2,2927910,12,2575144,88,11,2550957,87.1,88,1917476,65.5,82,409431,14,5004,118380,4,1436183,6,1262101,87.9,1,1250693,87.1,31,969424,67.5,40,242031,16.9,2689,75326,5.2,1445245,3,1245511,86.2,4,1233422,85.3,41,909660,62.9,22,198694,13.7,2324,68326,4.7,1117766,2,968083,86.6,1,958849,85.8,36,720952,64.5,95,138615,12.4,2023,37787,3.4,371138,0,300682,81,3,296985,80,11,211296,56.9,15,35824,9.7,527,13584,3.7,13481995,58,11839549,87.8,58,11725727,87,436,8717278,64.7,419,1748147,13,22327,547764,4.1,1531487,11,1352441,88.3,5,1341205,87.6,39,1065927,69.6,51,277251,18.1,3630,79777,5.2,1591483,14,1430981,89.9,1,1418576,89.1,23,1109015,69.7,28,284641,17.9,3477,92954,5.8,2111258,14,1902780,90.1,14,1885366,89.3,44,1480969,70.1,72,377384,17.9,4107,118310,5.6,1779949,5,1594119,89.6,4,1581301,88.8,28,1286265,72.3,67,378363,21.3,4283,134671,7.6,1826609,9,1655677,90.6,18,1641409,89.9,29,1365559,74.8,18,452127,24.8,5672,159943,8.8,2616627,17,2293387,87.6,24,2269784,86.7,72,1728169,66,73,406491,15.5,6292,120472,4.6,3301135,20,2883065,87.3,15,2854008,86.5,86,2147025,65,88,498522,15.1,7693,133741,4.1
2022-11-25,,,,,,,,,,,,,,,,,,,,,,,,,,,,,,,,,,,,,,,,,,,,,,,,,,,,,,,,,,,,,,,,,,,,,,,,,,,,,,,,,,,,,,,,,,,,,,,,,,,,,,,,,,,,,,,,,,,,,,,,,,,,,,,,,,,,,,,,,,,,,,,,,,,,,,,,,,,,,,,,,,,,,,,,,,,,,,,,,,,,,,,,,,,,,,,,,,,,,,,,,,,,,,,,,,,,,,,,,,,,,,,,,,,,,,,,,,,,,,,,,,,,,,,,,,,,,,,,,,,,,,,,,,,,,,,,
2022-11-26,,,,,,,,,,,,,,,,,,,,,,,,,,,,,,,,,,,,,,,,,,,,,,,,,,,,,,,,,,,,,,,,,,,,,,,,,,,,,,,,,,,,,,,,,,,,,,,,,,,,,,,,,,,,,,,,,,,,,,,,,,,,,,,,,,,,,,,,,,,,,,,,,,,,,,,,,,,,,,,,,,,,,,,,,,,,,,,,,,,,,,,,,,,,,,,,,,,,,,,,,,,,,,,,,,,,,,,,,,,,,,,,,,,,,,,,,,,,,,,,,,,,,,,,,,,,,,,,,,,,,,,,,,,,,,,,
2022-11-27,,,,,,,,,,,,,,,,,,,,,,,,,,,,,,,,,,,,,,,,,,,,,,,,,,,,,,,,,,,,,,,,,,,,,,,,,,,,,,,,,,,,,,,,,,,,,,,,,,,,,,,,,,,,,,,,,,,,,,,,,,,,,,,,,,,,,,,,,,,,,,,,,,,,,,,,,,,,,,,,,,,,,,,,,,,,,,,,,,,,,,,,,,,,,,,,,,,,,,,,,,,,,,,,,,,,,,,,,,,,,,,,,,,,,,,,,,,,,,,,,,,,,,,,,,,,,,,,,,,,,,,,,,,,,,,,
2022-11-28,,,,,,,,,,,,,,,,,,,,,,,,,,,,,,,,,,,,,,,,,,,,,,,,,,,,,,,,,,,,,,,,,,,,,,,,,,,,,,,,,,,,,,,,,,,,,,,,,,,,,,,,,,,,,,,,,,,,,,,,,,,,,,,,,,,,,,,,,,,,,,,,,,,,,,,,,,,,,,,,,,,,,,,,,,,,,,,,,,,,,,,,,,,,,,,,,,,,,,,,,,,,,,,,,,,,,,,,,,,,,,,,,,,,,,,,,,,,,,,,,,,,,,,,,,,,,,,,,,,,,,,,,,,,,,,,
2022-11-29,,,,,,,,,,,,,,,,,,,,,,,,,,,,,,,,,,,,,,,,,,,,,,,,,,,,,,,,,,,,,,,,,,,,,,,,,,,,,,,,,,,,,,,,,,,,,,,,,,,,,,,,,,,,,,,,,,,,,,,,,,,,,,,,,,,,,,,,,,,,,,,,,,,,,,,,,,,,,,,,,,,,,,,,,,,,,,,,,,,,,,,,,,,,,,,,,,,,,,,,,,,,,,,,,,,,,,,,,,,,,,,,,,,,,,,,,,,,,,,,,,,,,,,,,,,,,,,,,,,,,,,,,,,,,,,,
2022-11-30,,,,,,,,,,,,,,,,,,,,,,,,,,,,,,,,,,,,,,,,,,,,,,,,,,,,,,,,,,,,,,,,,,,,,,,,,,,,,,,,,,,,,,,,,,,,,,,,,,,,,,,,,,,,,,,,,,,,,,,,,,,,,,,,,,,,,,,,,,,,,,,,,,,,,,,,,,,,,,,,,,,,,,,,,,,,,,,,,,,,,,,,,,,,,,,,,,,,,,,,,,,,,,,,,,,,,,,,,,,,,,,,,,,,,,,,,,,,,,,,,,,,,,,,,,,,,,,,,,,,,,,,,,,,,,,,
2022-12-01,51317389,311,45130732,87.9,222,44701029,87.1,1437,33712803,65.7,833,7594170,14.8,91728,3048244,5.9,9401888,58,8334892,88.7,47,8257455,87.8,358,6086119,64.7,146,1273077,13.5,16072,564953,6,3330119,24,2879833,86.5,13,2851340,85.6,103,2143317,64.4,83,504487,15.1,6459,204571,6.1,2373789,12,2018387,85,7,1995598,84.1,63,1406501,59.3,37,267928,11.3,4156,104700,4.4,2927910,21,2575541,88,11,2551318,87.1,97,1918405,65.5,45,409990,14,4307,152468,5.2,1436183,7,1262058,87.9,7,1250657,87.1,23,969519,67.5,22,242254,16.9,2152,91088,6.3,1445245,12,1245593,86.2,8,1233480,85.3,30,909936,63,12,198867,13.8,2266,84677,5.9,1117766,5,968072,86.6,4,958835,85.8,34,721132,64.5,50,139289,12.5,1659,49687,4.4,371138,3,300716,81,0,297015,80,5,211372,57,8,35855,9.7,473,16772,4.5,13481995,75,11840823,87.8,62,11727013,87,438,8721220,64.7,216,1750402,13,20775,699988,5.2,1531487,22,1352653,88.3,8,1341389,87.6,34,1066300,69.6,36,277495,18.1,3462,100280,6.5,1591483,4,1431002,89.9,4,1418598,89.1,25,1109179,69.7,16,284822,17.9,3213,114787,7.2,2111258,8,1903121,90.1,7,1885694,89.3,41,1481503,70.2,22,377755,17.9,4496,147174,7,1779949,14,1594178,89.6,8,1581352,88.8,32,1286474,72.3,35,378584,21.3,3849,159591,9,1826609,11,1655777,90.6,6,1641493,89.9,25,1365779,74.8,12,452247,24.8,4402,188248,10.3,2616627,19,2293534,87.7,16,2269915,,44,1728634,66.1,53,406882,15.5,6857,159272,6.1,3301135,10,2883143,87.3,13,2854107,86.5,61,2147546,65.1,32,498964,15.1,5988,170581,5.2
2022-12-02,,,,,,,,,,,,,,,,,,,,,,,,,,,,,,,,,,,,,,,,,,,,,,,,,,,,,,,,,,,,,,,,,,,,,,,,,,,,,,,,,,,,,,,,,,,,,,,,,,,,,,,,,,,,,,,,,,,,,,,,,,,,,,,,,,,,,,,,,,,,,,,,,,,,,,,,,,,,,,,,,,,,,,,,,,,,,,,,,,,,,,,,,,,,,,,,,,,,,,,,,,,,,,,,,,,,,,,,,,,,,,,,,,,,,,,,,,,,,,,,,,,,,,,,,,,,,,,,,,,,,,,,,,,,,,,,
2022-12-03,,,,,,,,,,,,,,,,,,,,,,,,,,,,,,,,,,,,,,,,,,,,,,,,,,,,,,,,,,,,,,,,,,,,,,,,,,,,,,,,,,,,,,,,,,,,,,,,,,,,,,,,,,,,,,,,,,,,,,,,,,,,,,,,,,,,,,,,,,,,,,,,,,,,,,,,,,,,,,,,,,,,,,,,,,,,,,,,,,,,,,,,,,,,,,,,,,,,,,,,,,,,,,,,,,,,,,,,,,,,,,,,,,,,,,,,,,,,,,,,,,,,,,,,,,,,,,,,,,,,,,,,,,,,,,,,
2022-12-04,,,,,,,,,,,,,,,,,,,,,,,,,,,,,,,,,,,,,,,,,,,,,,,,,,,,,,,,,,,,,,,,,,,,,,,,,,,,,,,,,,,,,,,,,,,,,,,,,,,,,,,,,,,,,,,,,,,,,,,,,,,,,,,,,,,,,,,,,,,,,,,,,,,,,,,,,,,,,,,,,,,,,,,,,,,,,,,,,,,,,,,,,,,,,,,,,,,,,,,,,,,,,,,,,,,,,,,,,,,,,,,,,,,,,,,,,,,,,,,,,,,,,,,,,,,,,,,,,,,,,,,,,,,,,,,,
2022-12-05,,,,,,,,,,,,,,,,,,,,,,,,,,,,,,,,,,,,,,,,,,,,,,,,,,,,,,,,,,,,,,,,,,,,,,,,,,,,,,,,,,,,,,,,,,,,,,,,,,,,,,,,,,,,,,,,,,,,,,,,,,,,,,,,,,,,,,,,,,,,,,,,,,,,,,,,,,,,,,,,,,,,,,,,,,,,,,,,,,,,,,,,,,,,,,,,,,,,,,,,,,,,,,,,,,,,,,,,,,,,,,,,,,,,,,,,,,,,,,,,,,,,,,,,,,,,,,,,,,,,,,,,,,,,,,,,
2022-12-06,,,,,,,,,,,,,,,,,,,,,,,,,,,,,,,,,,,,,,,,,,,,,,,,,,,,,,,,,,,,,,,,,,,,,,,,,,,,,,,,,,,,,,,,,,,,,,,,,,,,,,,,,,,,,,,,,,,,,,,,,,,,,,,,,,,,,,,,,,,,,,,,,,,,,,,,,,,,,,,,,,,,,,,,,,,,,,,,,,,,,,,,,,,,,,,,,,,,,,,,,,,,,,,,,,,,,,,,,,,,,,,,,,,,,,,,,,,,,,,,,,,,,,,,,,,,,,,,,,,,,,,,,,,,,,,,
2022-12-07,,,,,,,,,,,,,,,,,,,,,,,,,,,,,,,,,,,,,,,,,,,,,,,,,,,,,,,,,,,,,,,,,,,,,,,,,,,,,,,,,,,,,,,,,,,,,,,,,,,,,,,,,,,,,,,,,,,,,,,,,,,,,,,,,,,,,,,,,,,,,,,,,,,,,,,,,,,,,,,,,,,,,,,,,,,,,,,,,,,,,,,,,,,,,,,,,,,,,,,,,,,,,,,,,,,,,,,,,,,,,,,,,,,,,,,,,,,,,,,,,,,,,,,,,,,,,,,,,,,,,,,,,,,,,,,,
2022-12-08,,,,,,,,,,,,,,,,,,,,,,,,,,,,,,,,,,,,,,,,,,,,,,,,,,,,,,,,,,,,,,,,,,,,,,,,,,,,,,,,,,,,,,,,,,,,,,,,,,,,,,,,,,,,,,,,,,,,,,,,,,,,,,,,,,,,,,,,,,,,,,,,,,,,,,,,,,,,,,,,,,,,,,,,,,,,,,,,,,,,,,,,,,,,,,,,,,,,,,,,,,,,,,,,,,,,,,,,,,,,,,,,,,,,,,,,,,,,,,,,,,,,,,,,,,,,,,,,,,,,,,,,,,,,,,,,
2022-12-09,51317389,207,45133461,87.9,234,44703801,87.1,1019,33723142,65.7,443,7598067,14.8,94169,3743404,7.3,9401888,42,8334938,88.7,45,8257521,87.8,316,6088421,64.8,65,1273608,13.5,14944,684838,7.3,3330119,9,2879769,86.5,13,2851288,85.6,76,2143975,64.4,28,504744,15.2,5956,249609,7.5,2373789,10,2018481,85,12,1995693,84.1,58,1406938,59.3,4,268074,11.3,3954,136325,5.7,2927910,9,2575927,88,8,2551678,87.2,58,1919161,65.5,21,410324,14,4532,187970,6.4,1436183,7,1262040,87.9,4,1250649,87.1,22,969661,67.5,13,242355,16.9,2825,108053,7.5,1445245,6,1245668,86.2,5,1233540,85.4,23,910188,63,14,198952,13.8,2356,103168,7.1,1117766,1,968090,86.6,5,958862,85.8,12,721280,64.5,25,139454,12.5,1647,61313,5.5,371138,5,300778,81,2,297062,80,9,211469,57,4,35869,9.7,489,20697,5.6,13481995,48,11841979,87.8,60,11728272,87,241,8724641,64.7,125,1751598,13,19578,863071,6.4,1531487,5,1352868,88.3,14,1341604,87.6,15,1066581,69.6,11,277609,18.1,3426,126092,8.2,1591483,6,1431141,89.9,9,1418733,89.1,21,1109405,69.7,15,284916,17.9,4221,140888,8.9,2111258,18,1903399,90.2,13,1885961,89.3,23,1481933,70.2,24,377945,17.9,5680,184109,8.7,1779949,4,1594247,89.6,7,1581408,88.8,24,1286669,72.3,21,378706,21.3,4774,191313,10.7,1826609,8,1655825,90.7,11,1641546,89.9,18,1365874,74.8,3,452278,24.8,4270,216663,11.9,2616627,15,2293593,87.7,13,2269948,86.8,44,1729003,66.1,37,407126,15.6,7419,206918,7.9,3301135,11,2883262,87.3,8,2854211,86.5,46,2147959,65.1,30,499203,15.1,6653,213795,6.5
2022-12-10,,,,,,,,,,,,,,,,,,,,,,,,,,,,,,,,,,,,,,,,,,,,,,,,,,,,,,,,,,,,,,,,,,,,,,,,,,,,,,,,,,,,,,,,,,,,,,,,,,,,,,,,,,,,,,,,,,,,,,,,,,,,,,,,,,,,,,,,,,,,,,,,,,,,,,,,,,,,,,,,,,,,,,,,,,,,,,,,,,,,,,,,,,,,,,,,,,,,,,,,,,,,,,,,,,,,,,,,,,,,,,,,,,,,,,,,,,,,,,,,,,,,,,,,,,,,,,,,,,,,,,,,,,,,,,,,
2022-12-11,,,,,,,,,,,,,,,,,,,,,,,,,,,,,,,,,,,,,,,,,,,,,,,,,,,,,,,,,,,,,,,,,,,,,,,,,,,,,,,,,,,,,,,,,,,,,,,,,,,,,,,,,,,,,,,,,,,,,,,,,,,,,,,,,,,,,,,,,,,,,,,,,,,,,,,,,,,,,,,,,,,,,,,,,,,,,,,,,,,,,,,,,,,,,,,,,,,,,,,,,,,,,,,,,,,,,,,,,,,,,,,,,,,,,,,,,,,,,,,,,,,,,,,,,,,,,,,,,,,,,,,,,,,,,,,,
2022-12-12,,,,,,,,,,,,,,,,,,,,,,,,,,,,,,,,,,,,,,,,,,,,,,,,,,,,,,,,,,,,,,,,,,,,,,,,,,,,,,,,,,,,,,,,,,,,,,,,,,,,,,,,,,,,,,,,,,,,,,,,,,,,,,,,,,,,,,,,,,,,,,,,,,,,,,,,,,,,,,,,,,,,,,,,,,,,,,,,,,,,,,,,,,,,,,,,,,,,,,,,,,,,,,,,,,,,,,,,,,,,,,,,,,,,,,,,,,,,,,,,,,,,,,,,,,,,,,,,,,,,,,,,,,,,,,,,
2022-12-13,,,,,,,,,,,,,,,,,,,,,,,,,,,,,,,,,,,,,,,,,,,,,,,,,,,,,,,,,,,,,,,,,,,,,,,,,,,,,,,,,,,,,,,,,,,,,,,,,,,,,,,,,,,,,,,,,,,,,,,,,,,,,,,,,,,,,,,,,,,,,,,,,,,,,,,,,,,,,,,,,,,,,,,,,,,,,,,,,,,,,,,,,,,,,,,,,,,,,,,,,,,,,,,,,,,,,,,,,,,,,,,,,,,,,,,,,,,,,,,,,,,,,,,,,,,,,,,,,,,,,,,,,,,,,,,,
2022-12-14,,,,,,,,,,,,,,,,,,,,,,,,,,,,,,,,,,,,,,,,,,,,,,,,,,,,,,,,,,,,,,,,,,,,,,,,,,,,,,,,,,,,,,,,,,,,,,,,,,,,,,,,,,,,,,,,,,,,,,,,,,,,,,,,,,,,,,,,,,,,,,,,,,,,,,,,,,,,,,,,,,,,,,,,,,,,,,,,,,,,,,,,,,,,,,,,,,,,,,,,,,,,,,,,,,,,,,,,,,,,,,,,,,,,,,,,,,,,,,,,,,,,,,,,,,,,,,,,,,,,,,,,,,,,,,,,
2022-12-15,,,,,,,,,,,,,,,,,,,,,,,,,,,,,,,,,,,,,,,,,,,,,,,,,,,,,,,,,,,,,,,,,,,,,,,,,,,,,,,,,,,,,,,,,,,,,,,,,,,,,,,,,,,,,,,,,,,,,,,,,,,,,,,,,,,,,,,,,,,,,,,,,,,,,,,,,,,,,,,,,,,,,,,,,,,,,,,,,,,,,,,,,,,,,,,,,,,,,,,,,,,,,,,,,,,,,,,,,,,,,,,,,,,,,,,,,,,,,,,,,,,,,,,,,,,,,,,,,,,,,,,,,,,,,,,,
2022-12-16,,,,,,,,,,,,,,,,,,35,8335095,90.5,59,8257706,89.6,,,,,,,12912,777238,8.9,,19,2879732,88.2,12,2851270,87.4,,,,,,,5250,284744,9.2,,9,2018406,86.9,8,1995601,85.9,,,,,,,4116,161976,7.4,,14,2576334,90.1,8,2552103,89.2,,,,,,,4133,215324,8,,6,1261997,90,8,1250618,89.2,,,,,,,2390,122273,9.4,,5,1245649,88.2,5,1233511,87.3,,,,,,,2111,117026,8.8,,2,968170,88.8,6,958938,88,,,,,,,1520,69810,6.9,,0,300868,84.5,4,297153,83.5,,,,,,,542,23814,7.5,,32,11842866,90.1,69,11729168,89.3,,,,,,,17378,991163,8.1,,10,1353062,90.3,14,1341821,89.5,,,,,,,2774,146058,10.3,,5,1431196,92.1,13,1418798,91.3,,,,,,,3218,160493,11,,4,1903727,92.4,13,1886302,91.5,,,,,,,4863,214657,11.1,,11,1594323,91.4,14,1581490,90.6,,,,,,,4197,216713,13.2,,7,1655897,92.6,7,1641630,91.8,,,,,,,4434,240884,14.3,,11,2293722,89.5,14,2270048,88.6,,,,,,,6928,246202,10.2,,12,2883362,89.3,8,2854336,88.4,,,,,,,5738,246273,8.2
2022-12-17,,,,,,,,,,,,,,,,,,,,,,,,,,,,,,,,,,,,,,,,,,,,,,,,,,,,,,,,,,,,,,,,,,,,,,,,,,,,,,,,,,,,,,,,,,,,,,,,,,,,,,,,,,,,,,,,,,,,,,,,,,,,,,,,,,,,,,,,,,,,,,,,,,,,,,,,,,,,,,,,,,,,,,,,,,,,,,,,,,,,,,,,,,,,,,,,,,,,,,,,,,,,,,,,,,,,,,,,,,,,,,,,,,,,,,,,,,,,,,,,,,,,,,,,,,,,,,,,,,,,,,,,,,,,,,,,
2022-12-18,,,,,,,,,,,,,,,,,,,,,,,,,,,,,,,,,,,,,,,,,,,,,,,,,,,,,,,,,,,,,,,,,,,,,,,,,,,,,,,,,,,,,,,,,,,,,,,,,,,,,,,,,,,,,,,,,,,,,,,,,,,,,,,,,,,,,,,,,,,,,,,,,,,,,,,,,,,,,,,,,,,,,,,,,,,,,,,,,,,,,,,,,,,,,,,,,,,,,,,,,,,,,,,,,,,,,,,,,,,,,,,,,,,,,,,,,,,,,,,,,,,,,,,,,,,,,,,,,,,,,,,,,,,,,,,,
2022-12-19,,,,,,,,,,,,,,,,,,,,,,,,,,,,,,,,,,,,,,,,,,,,,,,,,,,,,,,,,,,,,,,,,,,,,,,,,,,,,,,,,,,,,,,,,,,,,,,,,,,,,,,,,,,,,,,,,,,,,,,,,,,,,,,,,,,,,,,,,,,,,,,,,,,,,,,,,,,,,,,,,,,,,,,,,,,,,,,,,,,,,,,,,,,,,,,,,,,,,,,,,,,,,,,,,,,,,,,,,,,,,,,,,,,,,,,,,,,,,,,,,,,,,,,,,,,,,,,,,,,,,,,,,,,,,,,,
2022-12-20,,,,,,,,,,,,,,,,,,,,,,,,,,,,,,,,,,,,,,,,,,,,,,,,,,,,,,,,,,,,,,,,,,,,,,,,,,,,,,,,,,,,,,,,,,,,,,,,,,,,,,,,,,,,,,,,,,,,,,,,,,,,,,,,,,,,,,,,,,,,,,,,,,,,,,,,,,,,,,,,,,,,,,,,,,,,,,,,,,,,,,,,,,,,,,,,,,,,,,,,,,,,,,,,,,,,,,,,,,,,,,,,,,,,,,,,,,,,,,,,,,,,,,,,,,,,,,,,,,,,,,,,,,,,,,,,
2022-12-21,,,,,,,,,,,,,,,,,,,,,,,,,,,,,,,,,,,,,,,,,,,,,,,,,,,,,,,,,,,,,,,,,,,,,,,,,,,,,,,,,,,,,,,,,,,,,,,,,,,,,,,,,,,,,,,,,,,,,,,,,,,,,,,,,,,,,,,,,,,,,,,,,,,,,,,,,,,,,,,,,,,,,,,,,,,,,,,,,,,,,,,,,,,,,,,,,,,,,,,,,,,,,,,,,,,,,,,,,,,,,,,,,,,,,,,,,,,,,,,,,,,,,,,,,,,,,,,,,,,,,,,,,,,,,,,,
2022-12-22,,,,,,,,,,,,,,,,,,,,,,,,,,,,,,,,,,,,,,,,,,,,,,,,,,,,,,,,,,,,,,,,,,,,,,,,,,,,,,,,,,,,,,,,,,,,,,,,,,,,,,,,,,,,,,,,,,,,,,,,,,,,,,,,,,,,,,,,,,,,,,,,,,,,,,,,,,,,,,,,,,,,,,,,,,,,,,,,,,,,,,,,,,,,,,,,,,,,,,,,,,,,,,,,,,,,,,,,,,,,,,,,,,,,,,,,,,,,,,,,,,,,,,,,,,,,,,,,,,,,,,,,,,,,,,,,
2022-12-23,,,,,,,,,,,,,,,,,,,,,,,,,,,,,,,,,,,,,,,,,,,,,,,,,,,,,,,,,,,,,,,,,,,,,,,,,,,,,,,,,,,,,,,,,,,,,,,,,,,,,,,,,,,,,,,,,,,,,,,,,,,,,,,,,,,,,,,,,,,,,,,,,,,,,,,,,,,,,,,,,,,,,,,,,,,,,,,,,,,,,,,,,,,,,,,,,,,,,,,,,,,,,,,,,,,,,,,,,,,,,,,,,,,,,,,,,,,,,,,,,,,,,,,,,,,,,,,,,,,,,,,,,,,,,,,,
2022-12-24,,,,,,,,,,,,,,,,,,,,,,,,,,,,,,,,,,,,,,,,,,,,,,,,,,,,,,,,,,,,,,,,,,,,,,,,,,,,,,,,,,,,,,,,,,,,,,,,,,,,,,,,,,,,,,,,,,,,,,,,,,,,,,,,,,,,,,,,,,,,,,,,,,,,,,,,,,,,,,,,,,,,,,,,,,,,,,,,,,,,,,,,,,,,,,,,,,,,,,,,,,,,,,,,,,,,,,,,,,,,,,,,,,,,,,,,,,,,,,,,,,,,,,,,,,,,,,,,,,,,,,,,,,,,,,,,
2022-12-25,,,,,,,,,,,,,,,,,,,,,,,,,,,,,,,,,,,,,,,,,,,,,,,,,,,,,,,,,,,,,,,,,,,,,,,,,,,,,,,,,,,,,,,,,,,,,,,,,,,,,,,,,,,,,,,,,,,,,,,,,,,,,,,,,,,,,,,,,,,,,,,,,,,,,,,,,,,,,,,,,,,,,,,,,,,,,,,,,,,,,,,,,,,,,,,,,,,,,,,,,,,,,,,,,,,,,,,,,,,,,,,,,,,,,,,,,,,,,,,,,,,,,,,,,,,,,,,,,,,,,,,,,,,,,,,,
2022-12-26,,,,,,,,,,,,,,,,,,,,,,,,,,,,,,,,,,,,,,,,,,,,,,,,,,,,,,,,,,,,,,,,,,,,,,,,,,,,,,,,,,,,,,,,,,,,,,,,,,,,,,,,,,,,,,,,,,,,,,,,,,,,,,,,,,,,,,,,,,,,,,,,,,,,,,,,,,,,,,,,,,,,,,,,,,,,,,,,,,,,,,,,,,,,,,,,,,,,,,,,,,,,,,,,,,,,,,,,,,,,,,,,,,,,,,,,,,,,,,,,,,,,,,,,,,,,,,,,,,,,,,,,,,,,,,,,
2022-12-27,,,,,,,,,,,,,,,,,,,,,,,,,,,,,,,,,,,,,,,,,,,,,,,,,,,,,,,,,,,,,,,,,,,,,,,,,,,,,,,,,,,,,,,,,,,,,,,,,,,,,,,,,,,,,,,,,,,,,,,,,,,,,,,,,,,,,,,,,,,,,,,,,,,,,,,,,,,,,,,,,,,,,,,,,,,,,,,,,,,,,,,,,,,,,,,,,,,,,,,,,,,,,,,,,,,,,,,,,,,,,,,,,,,,,,,,,,,,,,,,,,,,,,,,,,,,,,,,,,,,,,,,,,,,,,,,
2022-12-28,,,,,,,,,,,,,,,,,,,,,,,,,,,,,,,,,,,,,,,,,,,,,,,,,,,,,,,,,,,,,,,,,,,,,,,,,,,,,,,,,,,,,,,,,,,,,,,,,,,,,,,,,,,,,,,,,,,,,,,,,,,,,,,,,,,,,,,,,,,,,,,,,,,,,,,,,,,,,,,,,,,,,,,,,,,,,,,,,,,,,,,,,,,,,,,,,,,,,,,,,,,,,,,,,,,,,,,,,,,,,,,,,,,,,,,,,,,,,,,,,,,,,,,,,,,,,,,,,,,,,,,,,,,,,,,,
2022-12-29,,,,,,,,,,,,,,,,,,51,8335478,90.5,72,8258180,89.6,,,,,,,11332,921635,10.5,,16,2879762,88.2,7,2851295,87.4,,,,,,,4928,338251,11,,18,2018419,86.9,10,1995620,85.9,,,,,,,2801,194607,8.9,,18,2576752,90.1,11,2552513,89.2,,,,,,,2878,254808,9.5,,7,1261986,90,8,1250612,89.2,,,,,,,1711,142897,10.9,,11,1245770,88.2,8,1233625,87.3,,,,,,,1654,139140,10.5,,1,968122,88.8,7,958903,88,,,,,,,2122,87510,8.6,,1,300980,84.6,0,297262,83.5,,,,,,,313,28311,8.9,,63,11844943,90.2,68,11731292,89.3,,,,,,,15619,1188710,9.7,,6,1353248,90.3,10,1342037,89.6,,,,,,,2416,173947,12.3,,4,1431421,92.1,13,1419049,91.3,,,,,,,2430,187765,12.9,,12,1904175,92.4,9,1886773,91.6,,,,,,,3247,253154,13.1,,4,1594430,91.4,8,1581606,90.6,,,,,,,2897,247916,15.1,,8,1656112,92.6,14,1641856,91.8,,,,,,,3693,278032,16.5,,12,2293891,89.5,21,2270240,88.6,,,,,,,4025,293917,12.2,,14,2883491,89.3,17,2854490,88.4,,,,,,,4550,296769,9.8
2022-12-30,,,,,,,,,,,,,,,,,,,,,,,,,,,,,,,,,,,,,,,,,,,,,,,,,,,,,,,,,,,,,,,,,,,,,,,,,,,,,,,,,,,,,,,,,,,,,,,,,,,,,,,,,,,,,,,,,,,,,,,,,,,,,,,,,,,,,,,,,,,,,,,,,,,,,,,,,,,,,,,,,,,,,,,,,,,,,,,,,,,,,,,,,,,,,,,,,,,,,,,,,,,,,,,,,,,,,,,,,,,,,,,,,,,,,,,,,,,,,,,,,,,,,,,,,,,,,,,,,,,,,,,,,,,,,,,,
2022-12-31,,,,,,,,,,,,,,,,,,,,,,,,,,,,,,,,,,,,,,,,,,,,,,,,,,,,,,,,,,,,,,,,,,,,,,,,,,,,,,,,,,,,,,,,,,,,,,,,,,,,,,,,,,,,,,,,,,,,,,,,,,,,,,,,,,,,,,,,,,,,,,,,,,,,,,,,,,,,,,,,,,,,,,,,,,,,,,,,,,,,,,,,,,,,,,,,,,,,,,,,,,,,,,,,,,,,,,,,,,,,,,,,,,,,,,,,,,,,,,,,,,,,,,,,,,,,,,,,,,,,,,,,,,,,,,,,
2023-01-01,,,,,,,,,,,,,,,,,,,,,,,,,,,,,,,,,,,,,,,,,,,,,,,,,,,,,,,,,,,,,,,,,,,,,,,,,,,,,,,,,,,,,,,,,,,,,,,,,,,,,,,,,,,,,,,,,,,,,,,,,,,,,,,,,,,,,,,,,,,,,,,,,,,,,,,,,,,,,,,,,,,,,,,,,,,,,,,,,,,,,,,,,,,,,,,,,,,,,,,,,,,,,,,,,,,,,,,,,,,,,,,,,,,,,,,,,,,,,,,,,,,,,,,,,,,,,,,,,,,,,,,,,,,,,,,,
2023-01-02,,,,,,,,,,,,,,,,,,,,,,,,,,,,,,,,,,,,,,,,,,,,,,,,,,,,,,,,,,,,,,,,,,,,,,,,,,,,,,,,,,,,,,,,,,,,,,,,,,,,,,,,,,,,,,,,,,,,,,,,,,,,,,,,,,,,,,,,,,,,,,,,,,,,,,,,,,,,,,,,,,,,,,,,,,,,,,,,,,,,,,,,,,,,,,,,,,,,,,,,,,,,,,,,,,,,,,,,,,,,,,,,,,,,,,,,,,,,,,,,,,,,,,,,,,,,,,,,,,,,,,,,,,,,,,,,
2023-01-03,,,,,,,,,,,,,,,,,,,,,,,,,,,,,,,,,,,,,,,,,,,,,,,,,,,,,,,,,,,,,,,,,,,,,,,,,,,,,,,,,,,,,,,,,,,,,,,,,,,,,,,,,,,,,,,,,,,,,,,,,,,,,,,,,,,,,,,,,,,,,,,,,,,,,,,,,,,,,,,,,,,,,,,,,,,,,,,,,,,,,,,,,,,,,,,,,,,,,,,,,,,,,,,,,,,,,,,,,,,,,,,,,,,,,,,,,,,,,,,,,,,,,,,,,,,,,,,,,,,,,,,,,,,,,,,,
2023-01-04,,,,,,,,,,,,,,,,,,,,,,,,,,,,,,,,,,,,,,,,,,,,,,,,,,,,,,,,,,,,,,,,,,,,,,,,,,,,,,,,,,,,,,,,,,,,,,,,,,,,,,,,,,,,,,,,,,,,,,,,,,,,,,,,,,,,,,,,,,,,,,,,,,,,,,,,,,,,,,,,,,,,,,,,,,,,,,,,,,,,,,,,,,,,,,,,,,,,,,,,,,,,,,,,,,,,,,,,,,,,,,,,,,,,,,,,,,,,,,,,,,,,,,,,,,,,,,,,,,,,,,,,,,,,,,,,
2023-01-05,,,,,,,,,,,,,,,,,,,,,,,,,,,,,,,,,,,,,,,,,,,,,,,,,,,,,,,,,,,,,,,,,,,,,,,,,,,,,,,,,,,,,,,,,,,,,,,,,,,,,,,,,,,,,,,,,,,,,,,,,,,,,,,,,,,,,,,,,,,,,,,,,,,,,,,,,,,,,,,,,,,,,,,,,,,,,,,,,,,,,,,,,,,,,,,,,,,,,,,,,,,,,,,,,,,,,,,,,,,,,,,,,,,,,,,,,,,,,,,,,,,,,,,,,,,,,,,,,,,,,,,,,,,,,,,,
2023-01-06,,,,,,,,,,,,,,,,,,,,,,,,,,,,,,,,,,,,,,,,,,,,,,,,,,,,,,,,,,,,,,,,,,,,,,,,,,,,,,,,,,,,,,,,,,,,,,,,,,,,,,,,,,,,,,,,,,,,,,,,,,,,,,,,,,,,,,,,,,,,,,,,,,,,,,,,,,,,,,,,,,,,,,,,,,,,,,,,,,,,,,,,,,,,,,,,,,,,,,,,,,,,,,,,,,,,,,,,,,,,,,,,,,,,,,,,,,,,,,,,,,,,,,,,,,,,,,,,,,,,,,,,,,,,,,,,
2023-01-07,,,,,,,,,,,,,,,,,,,,,,,,,,,,,,,,,,,,,,,,,,,,,,,,,,,,,,,,,,,,,,,,,,,,,,,,,,,,,,,,,,,,,,,,,,,,,,,,,,,,,,,,,,,,,,,,,,,,,,,,,,,,,,,,,,,,,,,,,,,,,,,,,,,,,,,,,,,,,,,,,,,,,,,,,,,,,,,,,,,,,,,,,,,,,,,,,,,,,,,,,,,,,,,,,,,,,,,,,,,,,,,,,,,,,,,,,,,,,,,,,,,,,,,,,,,,,,,,,,,,,,,,,,,,,,,,
2023-01-08,,,,,,,,,,,,,,,,,,,,,,,,,,,,,,,,,,,,,,,,,,,,,,,,,,,,,,,,,,,,,,,,,,,,,,,,,,,,,,,,,,,,,,,,,,,,,,,,,,,,,,,,,,,,,,,,,,,,,,,,,,,,,,,,,,,,,,,,,,,,,,,,,,,,,,,,,,,,,,,,,,,,,,,,,,,,,,,,,,,,,,,,,,,,,,,,,,,,,,,,,,,,,,,,,,,,,,,,,,,,,,,,,,,,,,,,,,,,,,,,,,,,,,,,,,,,,,,,,,,,,,,,,,,,,,,,
2023-01-09,,,,,,,,,,,,,,,,,,,,,,,,,,,,,,,,,,,,,,,,,,,,,,,,,,,,,,,,,,,,,,,,,,,,,,,,,,,,,,,,,,,,,,,,,,,,,,,,,,,,,,,,,,,,,,,,,,,,,,,,,,,,,,,,,,,,,,,,,,,,,,,,,,,,,,,,,,,,,,,,,,,,,,,,,,,,,,,,,,,,,,,,,,,,,,,,,,,,,,,,,,,,,,,,,,,,,,,,,,,,,,,,,,,,,,,,,,,,,,,,,,,,,,,,,,,,,,,,,,,,,,,,,,,,,,,,
2023-01-10,,,,,,,,,,,,,,,,,,,,,,,,,,,,,,,,,,,,,,,,,,,,,,,,,,,,,,,,,,,,,,,,,,,,,,,,,,,,,,,,,,,,,,,,,,,,,,,,,,,,,,,,,,,,,,,,,,,,,,,,,,,,,,,,,,,,,,,,,,,,,,,,,,,,,,,,,,,,,,,,,,,,,,,,,,,,,,,,,,,,,,,,,,,,,,,,,,,,,,,,,,,,,,,,,,,,,,,,,,,,,,,,,,,,,,,,,,,,,,,,,,,,,,,,,,,,,,,,,,,,,,,,,,,,,,,,
2023-01-11,,,,,,,,,,,,,,,,,,64,8298536,90.3,48,8222811,89.5,,,,,,,8717,1037709,11.9,,15,2859617,87.9,9,2831880,87,,,,,,,2535,375946,12.2,,6,2006405,86.5,15,1984111,85.5,,,,,,,2266,221540,10.1,,13,2563703,89.3,16,2540008,88.5,,,,,,,2411,284832,10.6,,3,1255529,89.6,6,1244409,88.8,,,,,,,1206,156930,12,,5,1239837,87.8,3,1227928,86.9,,,,,,,1462,155905,11.7,,5,963444,88.3,3,954387,87.5,,,,,,,903,101122,9.9,,4,300023,82.9,5,296338,81.9,,,,,,,246,31631,9.7,,68,11789822,89.6,63,11678163,88.7,,,,,,,11308,1339601,10.9,,10,1342744,89.6,6,1331923,88.9,,,,,,,1775,192339,13.5,,5,1421144,91.4,8,1409121,90.6,,,,,,,1457,205248,14,,9,1890662,91.6,9,1873759,90.8,,,,,,,1999,278337,14.4,,12,1568530,90.9,13,1556338,90.2,,,,,,,1736,268346,16.5,,6,1640629,92,9,1626940,91.2,,,,,,,2145,303395,18,,19,2274503,89.2,10,2251511,88.3,,,,,,,2219,321992,13.4,,11,2863466,88.2,15,2835223,87.9,,,,,,,2897,331184,10.9
2023-01-12,,,,,,,,,,,,,,,,,,,,,,,,,,,,,,,,,,,,,,,,,,,,,,,,,,,,,,,,,,,,,,,,,,,,,,,,,,,,,,,,,,,,,,,,,,,,,,,,,,,,,,,,,,,,,,,,,,,,,,,,,,,,,,,,,,,,,,,,,,,,,,,,,,,,,,,,,,,,,,,,,,,,,,,,,,,,,,,,,,,,,,,,,,,,,,,,,,,,,,,,,,,,,,,,,,,,,,,,,,,,,,,,,,,,,,,,,,,,,,,,,,,,,,,,,,,,,,,,,,,,,,,,,,,,,,,,
2023-01-13,,,,,,,,,,,,,,,,,,,,,,,,,,,,,,,,,,,,,,,,,,,,,,,,,,,,,,,,,,,,,,,,,,,,,,,,,,,,,,,,,,,,,,,,,,,,,,,,,,,,,,,,,,,,,,,,,,,,,,,,,,,,,,,,,,,,,,,,,,,,,,,,,,,,,,,,,,,,,,,,,,,,,,,,,,,,,,,,,,,,,,,,,,,,,,,,,,,,,,,,,,,,,,,,,,,,,,,,,,,,,,,,,,,,,,,,,,,,,,,,,,,,,,,,,,,,,,,,,,,,,,,,,,,,,,,,
2023-01-14,,,,,,,,,,,,,,,,,,,,,,,,,,,,,,,,,,,,,,,,,,,,,,,,,,,,,,,,,,,,,,,,,,,,,,,,,,,,,,,,,,,,,,,,,,,,,,,,,,,,,,,,,,,,,,,,,,,,,,,,,,,,,,,,,,,,,,,,,,,,,,,,,,,,,,,,,,,,,,,,,,,,,,,,,,,,,,,,,,,,,,,,,,,,,,,,,,,,,,,,,,,,,,,,,,,,,,,,,,,,,,,,,,,,,,,,,,,,,,,,,,,,,,,,,,,,,,,,,,,,,,,,,,,,,,,,
2023-01-15,,,,,,,,,,,,,,,,,,,,,,,,,,,,,,,,,,,,,,,,,,,,,,,,,,,,,,,,,,,,,,,,,,,,,,,,,,,,,,,,,,,,,,,,,,,,,,,,,,,,,,,,,,,,,,,,,,,,,,,,,,,,,,,,,,,,,,,,,,,,,,,,,,,,,,,,,,,,,,,,,,,,,,,,,,,,,,,,,,,,,,,,,,,,,,,,,,,,,,,,,,,,,,,,,,,,,,,,,,,,,,,,,,,,,,,,,,,,,,,,,,,,,,,,,,,,,,,,,,,,,,,,,,,,,,,,
2023-01-16,,,,,,,,,,,,,,,,,,,,,,,,,,,,,,,,,,,,,,,,,,,,,,,,,,,,,,,,,,,,,,,,,,,,,,,,,,,,,,,,,,,,,,,,,,,,,,,,,,,,,,,,,,,,,,,,,,,,,,,,,,,,,,,,,,,,,,,,,,,,,,,,,,,,,,,,,,,,,,,,,,,,,,,,,,,,,,,,,,,,,,,,,,,,,,,,,,,,,,,,,,,,,,,,,,,,,,,,,,,,,,,,,,,,,,,,,,,,,,,,,,,,,,,,,,,,,,,,,,,,,,,,,,,,,,,,
2023-01-17,,,,,,,,,,,,,,,,,,,,,,,,,,,,,,,,,,,,,,,,,,,,,,,,,,,,,,,,,,,,,,,,,,,,,,,,,,,,,,,,,,,,,,,,,,,,,,,,,,,,,,,,,,,,,,,,,,,,,,,,,,,,,,,,,,,,,,,,,,,,,,,,,,,,,,,,,,,,,,,,,,,,,,,,,,,,,,,,,,,,,,,,,,,,,,,,,,,,,,,,,,,,,,,,,,,,,,,,,,,,,,,,,,,,,,,,,,,,,,,,,,,,,,,,,,,,,,,,,,,,,,,,,,,,,,,,
2023-01-18,,,,,,,,,,,,,,,,,,33,8298475,90.4,58,8222793,89.5,,,,,,,6222,1080751,12.4,,11,2859471,87.9,14,2831757,87,,,,,,,2027,389058,12.6,,7,2006243,86.5,8,1983957,85.5,,,,,,,1554,231601,10.6,,8,2563835,89.3,11,2540114,88.5,,,,,,,1764,297404,11,,6,1255492,89.6,8,1244381,88.8,,,,,,,852,162317,12.4,,2,1239836,87.8,2,1227936,86.9,,,,,,,1004,162507,12.2,,3,963425,88.3,10,954371,87.5,,,,,,,578,105503,10.3,,4,300062,82.9,2,296375,81.9,,,,,,,156,32893,10.1,,65,11790324,89.6,70,11678650,88.7,,,,,,,8443,1397735,11.4,,10,1342723,89.6,15,1331919,88.9,,,,,,,1350,199363,14,,9,1421110,91.4,7,1409109,90.6,,,,,,,969,211628,14.4,,10,1890688,91.6,11,1873809,90.8,,,,,,,1517,287901,14.9,,4,1568498,90.9,8,1556303,90.2,,,,,,,1183,276024,16.9,,2,1640528,92,11,1626882,91.2,,,,,,,1640,313899,18.6,,7,2274427,89.2,14,2251486,88.3,,,,,,,1967,332817,13.8,,6,2863354,88.8,8,2835115,87.9,,,,,,,2914,346913,11.5
2023-01-19,,,,,,,,,,,,,,,,,,,,,,,,,,,,,,,,,,,,,,,,,,,,,,,,,,,,,,,,,,,,,,,,,,,,,,,,,,,,,,,,,,,,,,,,,,,,,,,,,,,,,,,,,,,,,,,,,,,,,,,,,,,,,,,,,,,,,,,,,,,,,,,,,,,,,,,,,,,,,,,,,,,,,,,,,,,,,,,,,,,,,,,,,,,,,,,,,,,,,,,,,,,,,,,,,,,,,,,,,,,,,,,,,,,,,,,,,,,,,,,,,,,,,,,,,,,,,,,,,,,,,,,,,,,,,,,,
2023-01-20,,,,,,,,,,,,,,,,,,,,,,,,,,,,,,,,,,,,,,,,,,,,,,,,,,,,,,,,,,,,,,,,,,,,,,,,,,,,,,,,,,,,,,,,,,,,,,,,,,,,,,,,,,,,,,,,,,,,,,,,,,,,,,,,,,,,,,,,,,,,,,,,,,,,,,,,,,,,,,,,,,,,,,,,,,,,,,,,,,,,,,,,,,,,,,,,,,,,,,,,,,,,,,,,,,,,,,,,,,,,,,,,,,,,,,,,,,,,,,,,,,,,,,,,,,,,,,,,,,,,,,,,,,,,,,,,
2023-01-21,,,,,,,,,,,,,,,,,,,,,,,,,,,,,,,,,,,,,,,,,,,,,,,,,,,,,,,,,,,,,,,,,,,,,,,,,,,,,,,,,,,,,,,,,,,,,,,,,,,,,,,,,,,,,,,,,,,,,,,,,,,,,,,,,,,,,,,,,,,,,,,,,,,,,,,,,,,,,,,,,,,,,,,,,,,,,,,,,,,,,,,,,,,,,,,,,,,,,,,,,,,,,,,,,,,,,,,,,,,,,,,,,,,,,,,,,,,,,,,,,,,,,,,,,,,,,,,,,,,,,,,,,,,,,,,,
2023-01-22,,,,,,,,,,,,,,,,,,,,,,,,,,,,,,,,,,,,,,,,,,,,,,,,,,,,,,,,,,,,,,,,,,,,,,,,,,,,,,,,,,,,,,,,,,,,,,,,,,,,,,,,,,,,,,,,,,,,,,,,,,,,,,,,,,,,,,,,,,,,,,,,,,,,,,,,,,,,,,,,,,,,,,,,,,,,,,,,,,,,,,,,,,,,,,,,,,,,,,,,,,,,,,,,,,,,,,,,,,,,,,,,,,,,,,,,,,,,,,,,,,,,,,,,,,,,,,,,,,,,,,,,,,,,,,,,
2023-01-23,,,,,,,,,,,,,,,,,,,,,,,,,,,,,,,,,,,,,,,,,,,,,,,,,,,,,,,,,,,,,,,,,,,,,,,,,,,,,,,,,,,,,,,,,,,,,,,,,,,,,,,,,,,,,,,,,,,,,,,,,,,,,,,,,,,,,,,,,,,,,,,,,,,,,,,,,,,,,,,,,,,,,,,,,,,,,,,,,,,,,,,,,,,,,,,,,,,,,,,,,,,,,,,,,,,,,,,,,,,,,,,,,,,,,,,,,,,,,,,,,,,,,,,,,,,,,,,,,,,,,,,,,,,,,,,,
2023-01-24,,,,,,,,,,,,,,,,,,3,8298423,90.4,2,8222746,89.5,,,,,,,324,1101623,12.6,,0,2859395,87.9,1,2831686,87,,,,,,,97,395034,12.8,,0,2006246,86.5,2,1983984,85.5,,,,,,,77,235675,10.8,,3,2563918,89.3,2,2540198,88.5,,,,,,,122,302950,11.2,,0,1255442,89.6,0,1244336,88.8,,,,,,,22,164761,12.6,,0,1239826,87.8,0,1227939,87,,,,,,,34,165409,12.5,,0,963421,88.3,0,954367,87.5,,,,,,,27,107616,10.6,,0,300104,82.9,0,296413,81.9,,,,,,,19,33593,10.3,,4,11790663,89.6,6,11679032,88.7,,,,,,,446,1425029,11.6,,0,1342770,89.6,3,1331975,88.9,,,,,,,19,202104,14.2,,0,1421165,91.4,2,1409163,90.6,,,,,,,34,214510,14.6,,0,1890681,91.6,0,1873820,90.8,,,,,,,37,292160,15.1,,0,1568488,90.9,0,1556300,90.2,,,,,,,39,278956,17.1,,0,1640502,92,1,1626872,91.3,,,,,,,23,317939,18.8,,0,2274373,89.2,0,2251452,88.3,,,,,,,39,337889,14,,2,2863297,88.8,1,2835072,88,,,,,,,114,353777,11.7
2023-01-25,,,,,,,,,,,,,,,,,,,,,,,,,,,,,,,,,,,,,,,,,,,,,,,,,,,,,,,,,,,,,,,,,,,,,,,,,,,,,,,,,,,,,,,,,,,,,,,,,,,,,,,,,,,,,,,,,,,,,,,,,,,,,,,,,,,,,,,,,,,,,,,,,,,,,,,,,,,,,,,,,,,,,,,,,,,,,,,,,,,,,,,,,,,,,,,,,,,,,,,,,,,,,,,,,,,,,,,,,,,,,,,,,,,,,,,,,,,,,,,,,,,,,,,,,,,,,,,,,,,,,,,,,,,,,,,,
2023-01-26,,,,,,,,,,,,,,,,,,,,,,,,,,,,,,,,,,,,,,,,,,,,,,,,,,,,,,,,,,,,,,,,,,,,,,,,,,,,,,,,,,,,,,,,,,,,,,,,,,,,,,,,,,,,,,,,,,,,,,,,,,,,,,,,,,,,,,,,,,,,,,,,,,,,,,,,,,,,,,,,,,,,,,,,,,,,,,,,,,,,,,,,,,,,,,,,,,,,,,,,,,,,,,,,,,,,,,,,,,,,,,,,,,,,,,,,,,,,,,,,,,,,,,,,,,,,,,,,,,,,,,,,,,,,,,,,
2023-01-27,,,,,,,,,,,,,,,,,,,,,,,,,,,,,,,,,,,,,,,,,,,,,,,,,,,,,,,,,,,,,,,,,,,,,,,,,,,,,,,,,,,,,,,,,,,,,,,,,,,,,,,,,,,,,,,,,,,,,,,,,,,,,,,,,,,,,,,,,,,,,,,,,,,,,,,,,,,,,,,,,,,,,,,,,,,,,,,,,,,,,,,,,,,,,,,,,,,,,,,,,,,,,,,,,,,,,,,,,,,,,,,,,,,,,,,,,,,,,,,,,,,,,,,,,,,,,,,,,,,,,,,,,,,,,,,,
2023-01-28,,,,,,,,,,,,,,,,,,,,,,,,,,,,,,,,,,,,,,,,,,,,,,,,,,,,,,,,,,,,,,,,,,,,,,,,,,,,,,,,,,,,,,,,,,,,,,,,,,,,,,,,,,,,,,,,,,,,,,,,,,,,,,,,,,,,,,,,,,,,,,,,,,,,,,,,,,,,,,,,,,,,,,,,,,,,,,,,,,,,,,,,,,,,,,,,,,,,,,,,,,,,,,,,,,,,,,,,,,,,,,,,,,,,,,,,,,,,,,,,,,,,,,,,,,,,,,,,,,,,,,,,,,,,,,,,
2023-01-29,,,,,,,,,,,,,,,,,,,,,,,,,,,,,,,,,,,,,,,,,,,,,,,,,,,,,,,,,,,,,,,,,,,,,,,,,,,,,,,,,,,,,,,,,,,,,,,,,,,,,,,,,,,,,,,,,,,,,,,,,,,,,,,,,,,,,,,,,,,,,,,,,,,,,,,,,,,,,,,,,,,,,,,,,,,,,,,,,,,,,,,,,,,,,,,,,,,,,,,,,,,,,,,,,,,,,,,,,,,,,,,,,,,,,,,,,,,,,,,,,,,,,,,,,,,,,,,,,,,,,,,,,,,,,,,,
2023-01-30,,,,,,,,,,,,,,,,,,,,,,,,,,,,,,,,,,,,,,,,,,,,,,,,,,,,,,,,,,,,,,,,,,,,,,,,,,,,,,,,,,,,,,,,,,,,,,,,,,,,,,,,,,,,,,,,,,,,,,,,,,,,,,,,,,,,,,,,,,,,,,,,,,,,,,,,,,,,,,,,,,,,,,,,,,,,,,,,,,,,,,,,,,,,,,,,,,,,,,,,,,,,,,,,,,,,,,,,,,,,,,,,,,,,,,,,,,,,,,,,,,,,,,,,,,,,,,,,,,,,,,,,,,,,,,,,
2023-01-31,,,,,,,,,,,,,,,,,,48,8298636,90.4,61,8223090,89.6,,,,,,,4535,1124386,12.9,,4,2859354,87.9,12,2831665,87,,,,,,,1396,402093,13.1,,11,2006259,86.5,10,1984014,85.5,,,,,,,925,240144,11,,19,2563988,89.3,18,2540317,88.5,,,,,,,1183,309415,11.5,,3,1255401,89.6,5,1244311,88.8,,,,,,,408,167224,12.8,,2,1239812,87.8,4,1227943,87,,,,,,,663,168498,12.7,,1,963399,88.3,4,954362,87.5,,,,,,,571,110245,10.8,,2,300154,82.9,5,296469,81.9,,,,,,,164,34436,10.6,,52,11791184,89.6,98,11679786,88.7,,,,,,,6277,1456486,11.8,,11,1342776,89.6,3,1331978,88.9,,,,,,,640,205456,14.5,,3,1421173,91.4,7,1409177,90.6,,,,,,,642,217722,14.9,,6,1890694,91.6,9,1873855,90.8,,,,,,,1030,297014,15.3,,1,1568510,90.9,4,1556346,90.2,,,,,,,711,282456,17.3,,19,1640458,92,10,1626844,91.3,,,,,,,1105,322560,19.1,,7,2274328,89.2,24,2251456,88.3,,,,,,,1298,343590,14.3,,7,2863238,88.8,15,2835065,88,,,,,,,1341,360798,11.9
2023-02-01,,,,,,,,,,,,,,,,,,,,,,,,,,,,,,,,,,,,,,,,,,,,,,,,,,,,,,,,,,,,,,,,,,,,,,,,,,,,,,,,,,,,,,,,,,,,,,,,,,,,,,,,,,,,,,,,,,,,,,,,,,,,,,,,,,,,,,,,,,,,,,,,,,,,,,,,,,,,,,,,,,,,,,,,,,,,,,,,,,,,,,,,,,,,,,,,,,,,,,,,,,,,,,,,,,,,,,,,,,,,,,,,,,,,,,,,,,,,,,,,,,,,,,,,,,,,,,,,,,,,,,,,,,,,,,,,
2023-02-02,,,,,,,,,,,,,,,,,,,,,,,,,,,,,,,,,,,,,,,,,,,,,,,,,,,,,,,,,,,,,,,,,,,,,,,,,,,,,,,,,,,,,,,,,,,,,,,,,,,,,,,,,,,,,,,,,,,,,,,,,,,,,,,,,,,,,,,,,,,,,,,,,,,,,,,,,,,,,,,,,,,,,,,,,,,,,,,,,,,,,,,,,,,,,,,,,,,,,,,,,,,,,,,,,,,,,,,,,,,,,,,,,,,,,,,,,,,,,,,,,,,,,,,,,,,,,,,,,,,,,,,,,,,,,,,,
2023-02-03,,,,,,,,,,,,,,,,,,,,,,,,,,,,,,,,,,,,,,,,,,,,,,,,,,,,,,,,,,,,,,,,,,,,,,,,,,,,,,,,,,,,,,,,,,,,,,,,,,,,,,,,,,,,,,,,,,,,,,,,,,,,,,,,,,,,,,,,,,,,,,,,,,,,,,,,,,,,,,,,,,,,,,,,,,,,,,,,,,,,,,,,,,,,,,,,,,,,,,,,,,,,,,,,,,,,,,,,,,,,,,,,,,,,,,,,,,,,,,,,,,,,,,,,,,,,,,,,,,,,,,,,,,,,,,,,
2023-02-04,,,,,,,,,,,,,,,,,,,,,,,,,,,,,,,,,,,,,,,,,,,,,,,,,,,,,,,,,,,,,,,,,,,,,,,,,,,,,,,,,,,,,,,,,,,,,,,,,,,,,,,,,,,,,,,,,,,,,,,,,,,,,,,,,,,,,,,,,,,,,,,,,,,,,,,,,,,,,,,,,,,,,,,,,,,,,,,,,,,,,,,,,,,,,,,,,,,,,,,,,,,,,,,,,,,,,,,,,,,,,,,,,,,,,,,,,,,,,,,,,,,,,,,,,,,,,,,,,,,,,,,,,,,,,,,,
2023-02-05,,,,,,,,,,,,,,,,,,,,,,,,,,,,,,,,,,,,,,,,,,,,,,,,,,,,,,,,,,,,,,,,,,,,,,,,,,,,,,,,,,,,,,,,,,,,,,,,,,,,,,,,,,,,,,,,,,,,,,,,,,,,,,,,,,,,,,,,,,,,,,,,,,,,,,,,,,,,,,,,,,,,,,,,,,,,,,,,,,,,,,,,,,,,,,,,,,,,,,,,,,,,,,,,,,,,,,,,,,,,,,,,,,,,,,,,,,,,,,,,,,,,,,,,,,,,,,,,,,,,,,,,,,,,,,,,
2023-02-06,,,,,,,,,,,,,,,,,,,,,,,,,,,,,,,,,,,,,,,,,,,,,,,,,,,,,,,,,,,,,,,,,,,,,,,,,,,,,,,,,,,,,,,,,,,,,,,,,,,,,,,,,,,,,,,,,,,,,,,,,,,,,,,,,,,,,,,,,,,,,,,,,,,,,,,,,,,,,,,,,,,,,,,,,,,,,,,,,,,,,,,,,,,,,,,,,,,,,,,,,,,,,,,,,,,,,,,,,,,,,,,,,,,,,,,,,,,,,,,,,,,,,,,,,,,,,,,,,,,,,,,,,,,,,,,,
2023-02-07,,,,,,,,,,,,,,,,,,24,8298041,90.4,50,8222617,89.6,,,,,,,3400,1145287,13.1,,9,2863336,87.9,14,2835657,87,,,,,,,997,408004,13.2,,6,2005978,86.5,7,1983752,85.5,,,,,,,612,243863,11.2,,13,2563413,89.3,13,2539807,88.5,,,,,,,920,315553,11.7,,7,1254970,89.6,2,1243885,88.8,,,,,,,326,169314,12.9,,3,1239536,87.8,4,1227693,87,,,,,,,370,170996,12.9,,4,963575,88.3,5,954546,87.5,,,,,,,465,112649,11.1,,0,300166,82.9,4,296497,81.9,,,,,,,98,35053,10.8,,48,11789518,89.6,61,11678305,88.7,,,,,,,4457,1484589,12.1,,3,1342225,89.7,4,1331439,88.9,,,,,,,432,208340,14.7,,3,1420645,91.4,4,1408660,90.6,,,,,,,478,220430,15.1,,4,1890068,91.6,8,1873282,90.8,,,,,,,702,301265,15.6,,2,1567744,90.9,5,1555617,90.2,,,,,,,549,285712,17.5,,6,1639641,92,12,1626048,91.3,,,,,,,589,326419,19.4,,5,2273801,89.2,10,2250979,88.3,,,,,,,935,348600,14.5,,6,2849216,88.9,13,2821279,88,,,,,,,1095,367447,12.2
